token,canonical_id,pub_batch,x,y,cell_id,ts,id,created_date,updated_date,created_by_id,created_by,is_sample
30545a77-664a-44d4-9d54-a7c1993a32b9,6907912510acab4c189c26cd,1/10/2026,6,7,42,2026-01-10T12:06:56.368Z,696240e14aaf8f41d1bd1c7f,2026-01-10T12:06:57.028000,2026-01-10T12:06:57.028000,anonymous,anonymous,FALSE
30545a77-664a-44d4-9d54-a7c1993a32b9,69079125de5cf20cb23dbb42,1/10/2026,7,6,48,2026-01-10T12:04:59.471Z,6962406caf0494082edd40f9,2026-01-10T12:05:00.091000,2026-01-10T12:05:00.091000,anonymous,anonymous,FALSE
30545a77-664a-44d4-9d54-a7c1993a32b9,690791231130232c6f24a8b1,1/10/2026,5,6,34,2026-01-10T12:04:47.236Z,6962405fe719d846137acf20,2026-01-10T12:04:47.866000,2026-01-10T12:04:47.866000,anonymous,anonymous,FALSE
30545a77-664a-44d4-9d54-a7c1993a32b9,69593dc0eac6a120dc6e88a1,1/10/2026,7,6,48,2026-01-10T12:04:09.752Z,6962403a5ff984d11a8c0ea2,2026-01-10T12:04:10.383000,2026-01-10T12:04:10.383000,anonymous,anonymous,FALSE
30545a77-664a-44d4-9d54-a7c1993a32b9,69079122e0cd0242cebd60cf,1/10/2026,4,5,26,2026-01-10T12:04:01.177Z,69624031b3135e868a480a18,2026-01-10T12:04:01.806000,2026-01-10T12:04:01.806000,anonymous,anonymous,FALSE
30545a77-664a-44d4-9d54-a7c1993a32b9,69593db9785c2ed83c8cbea7,1/10/2026,7,5,47,2026-01-10T12:03:27.818Z,69624010be5ea7057bdae4e5,2026-01-10T12:03:28.444000,2026-01-10T12:03:28.444000,anonymous,anonymous,FALSE
30545a77-664a-44d4-9d54-a7c1993a32b9,690791237f24aa1ecd5429a9,1/10/2026,6,6,41,2026-01-10T12:03:07.309Z,69623ffbd190e99338263957,2026-01-10T12:03:07.953000,2026-01-10T12:03:07.953000,anonymous,anonymous,FALSE
30545a77-664a-44d4-9d54-a7c1993a32b9,69593db392815610917874fb,1/10/2026,7,7,49,2026-01-10T12:02:39.659Z,69623fe00db67df93df8977b,2026-01-10T12:02:40.295000,2026-01-10T12:02:40.295000,anonymous,anonymous,FALSE
30545a77-664a-44d4-9d54-a7c1993a32b9,69593daf0a570c24336526d8,1/10/2026,5,5,33,2026-01-10T12:02:20.864Z,69623fcd7f65b427b5b0dc30,2026-01-10T12:02:21.497000,2026-01-10T12:02:21.497000,anonymous,anonymous,FALSE
30545a77-664a-44d4-9d54-a7c1993a32b9,69079123065e0438f4af92d0,1/10/2026,6,7,42,2026-01-10T12:01:41.629Z,69623fa67926087b92285515,2026-01-10T12:01:42.269000,2026-01-10T12:01:42.269000,anonymous,anonymous,FALSE
30545a77-664a-44d4-9d54-a7c1993a32b9,69623dd4e66dc12580f9c683,1/10/2026,3,6,20,2026-01-10T12:00:26.621Z,69623f5b1c046322d6f784d5,2026-01-10T12:00:27.252000,2026-01-10T12:00:27.252000,anonymous,anonymous,FALSE
30545a77-664a-44d4-9d54-a7c1993a32b9,69623e109a7f36eb1d1a48ed,1/10/2026,5,7,35,2026-01-10T12:00:02.551Z,69623f430cb2cca8e295389c,2026-01-10T12:00:03.224000,2026-01-10T12:00:03.224000,anonymous,anonymous,FALSE
30545a77-664a-44d4-9d54-a7c1993a32b9,69623e5ae0640bffa8f7cf43,1/10/2026,7,7,49,2026-01-10T11:59:22.280Z,69623f1aaf67077f11be2494,2026-01-10T11:59:22.904000,2026-01-10T11:59:22.904000,anonymous,anonymous,FALSE
30545a77-664a-44d4-9d54-a7c1993a32b9,69623ec668afe0c8507ae99c,1/10/2026,4,6,27,2026-01-10T11:59:11.187Z,69623f10efd2f54de912cd92,2026-01-10T11:59:12.060000,2026-01-10T11:59:12.060000,anonymous,anonymous,FALSE
7cb82cfd-fb62-4f52-9d5d-7a429aef0680,69593dddb7e03945a9abeb07,1/9/2026,5,3,31,2026-01-09T19:40:12.565Z,6961599cfe3b242b9b2d4514,2026-01-09T19:40:12.386000,2026-01-09T19:40:12.386000,anonymous,anonymous,FALSE
7cb82cfd-fb62-4f52-9d5d-7a429aef0680,69593dddef4549e17f3ee3a2,1/9/2026,5,7,35,2026-01-09T19:40:07.577Z,69615997ae64eb55fe277dae,2026-01-09T19:40:07.376000,2026-01-09T19:40:07.376000,anonymous,anonymous,FALSE
7cb82cfd-fb62-4f52-9d5d-7a429aef0680,69593ddde0762f0fda4a8b45,1/9/2026,3,7,21,2026-01-09T19:40:01.427Z,696159913d61cd562b7d9608,2026-01-09T19:40:01.325000,2026-01-09T19:40:01.325000,anonymous,anonymous,FALSE
7cb82cfd-fb62-4f52-9d5d-7a429aef0680,69593ddcadb5f834c1df5aac,1/9/2026,2,3,10,2026-01-09T19:39:55.344Z,6961598189b04011608362d7,2026-01-09T19:39:45.913000,2026-01-09T19:39:55.547000,anonymous,anonymous,FALSE
7cb82cfd-fb62-4f52-9d5d-7a429aef0680,69593ddc97c883f04d4a839d,1/9/2026,4,4,25,2026-01-09T19:39:49.826Z,6961597b46b46c6f828080d4,2026-01-09T19:39:39.631000,2026-01-09T19:39:49.883000,anonymous,anonymous,FALSE
7cb82cfd-fb62-4f52-9d5d-7a429aef0680,69593ddc5731441183ecdee5,1/9/2026,2,3,10,2026-01-09T19:39:37.156Z,69615970ae697a37240896d9,2026-01-09T19:39:28.010000,2026-01-09T19:39:39.739000,anonymous,anonymous,FALSE
7cb82cfd-fb62-4f52-9d5d-7a429aef0680,69593ddbdf5f0ff1ac2e78f2,1/9/2026,6,3,38,2026-01-09T19:39:23.395Z,696159649015e27622ad0510,2026-01-09T19:39:16.264000,2026-01-09T19:39:23.486000,anonymous,anonymous,FALSE
7cb82cfd-fb62-4f52-9d5d-7a429aef0680,69079124900fedf3fc27cf51,1/9/2026,6,7,42,2026-01-09T19:38:54.097Z,6961594d6d9749cd5b80984f,2026-01-09T19:38:53.910000,2026-01-09T19:38:53.910000,anonymous,anonymous,FALSE
7cb82cfd-fb62-4f52-9d5d-7a429aef0680,69593ddac1fb00b7ab7169e6,1/9/2026,5,5,33,2026-01-09T19:38:38.406Z,6961593edcd006d0c6e67ef9,2026-01-09T19:38:38.203000,2026-01-09T19:38:38.203000,anonymous,anonymous,FALSE
7cb82cfd-fb62-4f52-9d5d-7a429aef0680,6907912510acab4c189c26cd,1/9/2026,5,4,32,2026-01-09T19:38:33.433Z,696159398af66660626f40d9,2026-01-09T19:38:33.236000,2026-01-09T19:38:33.236000,anonymous,anonymous,FALSE
7cb82cfd-fb62-4f52-9d5d-7a429aef0680,69079125de5cf20cb23dbb42,1/9/2026,7,2,44,2026-01-09T19:38:23.401Z,6961592f29074aab4ce1502e,2026-01-09T19:38:23.202000,2026-01-09T19:38:23.202000,anonymous,anonymous,FALSE
7cb82cfd-fb62-4f52-9d5d-7a429aef0680,690791231130232c6f24a8b1,1/9/2026,4,4,25,2026-01-09T19:38:01.541Z,696159195b8fa78b07efe736,2026-01-09T19:38:01.349000,2026-01-09T19:38:01.349000,anonymous,anonymous,FALSE
7cb82cfd-fb62-4f52-9d5d-7a429aef0680,69593dc0eac6a120dc6e88a1,1/9/2026,6,2,37,2026-01-09T19:37:56.597Z,69615914e71e8a8a91710590,2026-01-09T19:37:56.544000,2026-01-09T19:37:56.544000,anonymous,anonymous,FALSE
7cb82cfd-fb62-4f52-9d5d-7a429aef0680,69079122e0cd0242cebd60cf,1/9/2026,6,2,37,2026-01-09T19:37:50.233Z,6961590e47fe03b07903f055,2026-01-09T19:37:50.098000,2026-01-09T19:37:50.098000,anonymous,anonymous,FALSE
7cb82cfd-fb62-4f52-9d5d-7a429aef0680,69593db9785c2ed83c8cbea7,1/9/2026,6,2,37,2026-01-09T19:37:44.442Z,69615908f608d66453e4a6e6,2026-01-09T19:37:44.303000,2026-01-09T19:37:44.303000,anonymous,anonymous,FALSE
7cb82cfd-fb62-4f52-9d5d-7a429aef0680,690791237f24aa1ecd5429a9,1/9/2026,6,3,38,2026-01-09T19:37:34.330Z,696158fe984aa1ade5541392,2026-01-09T19:37:34.248000,2026-01-09T19:37:34.248000,anonymous,anonymous,FALSE
7cb82cfd-fb62-4f52-9d5d-7a429aef0680,69593db392815610917874fb,1/9/2026,3,7,21,2026-01-09T19:37:21.362Z,696158f188d88a7274d920a7,2026-01-09T19:37:21.160000,2026-01-09T19:37:21.160000,anonymous,anonymous,FALSE
7cb82cfd-fb62-4f52-9d5d-7a429aef0680,69593daf0a570c24336526d8,1/9/2026,4,7,28,2026-01-09T19:37:24.918Z,696158ebf538f350a8eb7c63,2026-01-09T19:37:15.906000,2026-01-09T19:37:24.959000,anonymous,anonymous,FALSE
7cb82cfd-fb62-4f52-9d5d-7a429aef0680,69079123065e0438f4af92d0,1/9/2026,4,7,28,2026-01-09T19:37:07.475Z,696158e382c8d58a7e63f384,2026-01-09T19:37:07.309000,2026-01-09T19:37:07.309000,anonymous,anonymous,FALSE
7cb82cfd-fb62-4f52-9d5d-7a429aef0680,696154a549312a96c61f163b,1/9/2026,5,7,35,2026-01-09T19:37:01.610Z,696158ddf15be1f8af1acebe,2026-01-09T19:37:01.410000,2026-01-09T19:37:01.410000,anonymous,anonymous,FALSE
7cb82cfd-fb62-4f52-9d5d-7a429aef0680,696154e25b8fa78b07efe2c5,1/9/2026,5,7,35,2026-01-09T19:36:50.830Z,696158d246a2161625153b92,2026-01-09T19:36:50.637000,2026-01-09T19:36:50.637000,anonymous,anonymous,FALSE
7cb82cfd-fb62-4f52-9d5d-7a429aef0680,6961551ccba94fc1792e4fef,1/9/2026,6,5,40,2026-01-09T19:36:39.565Z,696158c7627d229522e1423d,2026-01-09T19:36:39.369000,2026-01-09T19:36:39.369000,anonymous,anonymous,FALSE
7cb82cfd-fb62-4f52-9d5d-7a429aef0680,6961584bb637af3b2c5f3e6c,1/9/2026,5,6,34,2026-01-09T19:36:22.069Z,696158b59a4ec49aa515f75f,2026-01-09T19:36:21.866000,2026-01-09T19:36:21.866000,anonymous,anonymous,FALSE
7cb82cfd-fb62-4f52-9d5d-7a429aef0680,696158837f58e0d57d733b8c,1/9/2026,6,5,40,2026-01-09T19:36:08.263Z,696158ab96b950d2d196959b,2026-01-09T19:36:11.482000,2026-01-09T19:36:11.482000,anonymous,anonymous,FALSE
a286d5ad-f97f-4e1f-88c7-4d6e9234c1c8,69593dddb7e03945a9abeb07,1/9/2026,5,2,30,2026-01-09T18:53:09.098Z,69614e8b16b778a3a9e8ef37,2026-01-09T18:52:59.029000,2026-01-09T18:53:09.090000,anonymous,anonymous,FALSE
a286d5ad-f97f-4e1f-88c7-4d6e9234c1c8,69593dddef4549e17f3ee3a2,1/9/2026,3,7,21,2026-01-09T18:52:55.664Z,69614e87b6b1a23432e08113,2026-01-09T18:52:55.378000,2026-01-09T18:52:55.378000,anonymous,anonymous,FALSE
a286d5ad-f97f-4e1f-88c7-4d6e9234c1c8,69593ddde0762f0fda4a8b45,1/9/2026,3,7,21,2026-01-09T18:53:47.118Z,69614e825dcc12ee338027cc,2026-01-09T18:52:50.969000,2026-01-09T18:53:47.130000,anonymous,anonymous,FALSE
a286d5ad-f97f-4e1f-88c7-4d6e9234c1c8,69593ddcadb5f834c1df5aac,1/9/2026,2,2,9,2026-01-09T18:52:44.932Z,69614e77c18e59436ae5725d,2026-01-09T18:52:39.148000,2026-01-09T18:52:44.918000,anonymous,anonymous,FALSE
a286d5ad-f97f-4e1f-88c7-4d6e9234c1c8,69593ddc97c883f04d4a839d,1/9/2026,4,4,25,2026-01-09T18:52:34.869Z,69614e7221807a2536094442,2026-01-09T18:52:34.583000,2026-01-09T18:52:34.583000,anonymous,anonymous,FALSE
a286d5ad-f97f-4e1f-88c7-4d6e9234c1c8,69593ddc5731441183ecdee5,1/9/2026,2,3,10,2026-01-09T18:52:26.671Z,69614e6a85e4e9d803d6dabf,2026-01-09T18:52:26.386000,2026-01-09T18:52:26.386000,anonymous,anonymous,FALSE
a286d5ad-f97f-4e1f-88c7-4d6e9234c1c8,69593ddbdf5f0ff1ac2e78f2,1/9/2026,5,2,30,2026-01-09T18:52:23.154Z,69614e665ce75f5bdb2eb73f,2026-01-09T18:52:22.863000,2026-01-09T18:52:22.863000,anonymous,anonymous,FALSE
a286d5ad-f97f-4e1f-88c7-4d6e9234c1c8,69079124900fedf3fc27cf51,1/9/2026,4,6,27,2026-01-09T18:52:10.757Z,69614e5aad8a0298c09f5bb4,2026-01-09T18:52:10.504000,2026-01-09T18:52:10.504000,anonymous,anonymous,FALSE
a286d5ad-f97f-4e1f-88c7-4d6e9234c1c8,69593ddac1fb00b7ab7169e6,1/9/2026,4,5,26,2026-01-09T18:51:30.673Z,69614e291c23d6b2fe0dcb65,2026-01-09T18:51:21.511000,2026-01-09T18:51:30.638000,anonymous,anonymous,FALSE
a286d5ad-f97f-4e1f-88c7-4d6e9234c1c8,6907912510acab4c189c26cd,1/9/2026,5,5,33,2026-01-09T18:50:59.592Z,69614e13622e3897951bb804,2026-01-09T18:50:59.304000,2026-01-09T18:50:59.304000,anonymous,anonymous,FALSE
a286d5ad-f97f-4e1f-88c7-4d6e9234c1c8,69079125de5cf20cb23dbb42,1/9/2026,6,2,37,2026-01-09T18:50:45.119Z,69614e04ed5fdf63e49eafec,2026-01-09T18:50:44.873000,2026-01-09T18:50:44.873000,anonymous,anonymous,FALSE
a286d5ad-f97f-4e1f-88c7-4d6e9234c1c8,690791231130232c6f24a8b1,1/9/2026,5,5,33,2026-01-09T18:50:38.012Z,69614dfd508f71ab18a19059,2026-01-09T18:50:37.755000,2026-01-09T18:50:37.755000,anonymous,anonymous,FALSE
a286d5ad-f97f-4e1f-88c7-4d6e9234c1c8,69593dc0eac6a120dc6e88a1,1/9/2026,6,3,38,2026-01-09T18:50:28.504Z,69614df4f5a52106bbc7a7f0,2026-01-09T18:50:28.218000,2026-01-09T18:50:28.218000,anonymous,anonymous,FALSE
a286d5ad-f97f-4e1f-88c7-4d6e9234c1c8,69079122e0cd0242cebd60cf,1/9/2026,6,2,37,2026-01-09T18:50:20.100Z,69614debc44850f77021c080,2026-01-09T18:50:19.821000,2026-01-09T18:50:19.821000,anonymous,anonymous,FALSE
a286d5ad-f97f-4e1f-88c7-4d6e9234c1c8,69593db9785c2ed83c8cbea7,1/9/2026,6,2,37,2026-01-09T18:50:11.824Z,69614de388d88a7274d90ee0,2026-01-09T18:50:11.632000,2026-01-09T18:50:11.632000,anonymous,anonymous,FALSE
a286d5ad-f97f-4e1f-88c7-4d6e9234c1c8,690791237f24aa1ecd5429a9,1/9/2026,6,3,38,2026-01-09T18:49:38.569Z,69614dc2be785acb7993ceb4,2026-01-09T18:49:38.338000,2026-01-09T18:49:38.338000,anonymous,anonymous,FALSE
a286d5ad-f97f-4e1f-88c7-4d6e9234c1c8,69593db392815610917874fb,1/9/2026,4,7,28,2026-01-09T18:54:27.143Z,69614d9d627d229522e12e71,2026-01-09T18:49:01.549000,2026-01-09T18:54:27.156000,anonymous,anonymous,FALSE
a286d5ad-f97f-4e1f-88c7-4d6e9234c1c8,69593daf0a570c24336526d8,1/9/2026,4,7,28,2026-01-09T18:47:51.387Z,69614d576d4be266824e458e,2026-01-09T18:47:51.090000,2026-01-09T18:47:51.090000,anonymous,anonymous,FALSE
a286d5ad-f97f-4e1f-88c7-4d6e9234c1c8,69079123065e0438f4af92d0,1/9/2026,4,7,28,2026-01-09T18:47:35.684Z,69614d472c2fe0ba1f0308e4,2026-01-09T18:47:35.405000,2026-01-09T18:47:35.405000,anonymous,anonymous,FALSE
a286d5ad-f97f-4e1f-88c7-4d6e9234c1c8,69614c5693ce0292bfcf2548,1/9/2026,6,7,42,2026-01-09T18:53:58.330Z,69614d2f3259b955dfb2d30f,2026-01-09T18:47:11.561000,2026-01-09T18:53:58.505000,anonymous,anonymous,FALSE
a286d5ad-f97f-4e1f-88c7-4d6e9234c1c8,69614c9f694da8029173bc8d,1/9/2026,6,6,41,2026-01-09T18:49:30.339Z,69614d23445bf676156860a9,2026-01-09T18:46:59.345000,2026-01-09T18:49:30.089000,anonymous,anonymous,FALSE
a286d5ad-f97f-4e1f-88c7-4d6e9234c1c8,69614cba06256ac12cf13ec3,1/9/2026,5,6,34,2026-01-09T18:49:15.445Z,69614d1a88d88a7274d90e5c,2026-01-09T18:46:50.154000,2026-01-09T18:49:15.396000,anonymous,anonymous,FALSE
a286d5ad-f97f-4e1f-88c7-4d6e9234c1c8,69614ce1092a925863efe17f,1/9/2026,6,6,41,2026-01-09T18:46:37.740Z,69614d0d3564ca9af8026481,2026-01-09T18:46:37.701000,2026-01-09T18:46:37.701000,anonymous,anonymous,FALSE
b828caf0-4cef-4a31-9cf0-102b91841982,69593dddb7e03945a9abeb07,1/9/2026,5,2,30,2026-01-09T18:22:14.256Z,69614756a50bfc37cb37556f,2026-01-09T18:22:14.341000,2026-01-09T18:22:14.341000,anonymous,anonymous,FALSE
b828caf0-4cef-4a31-9cf0-102b91841982,69593dddef4549e17f3ee3a2,1/9/2026,5,7,35,2026-01-09T18:21:42.472Z,696147360d9f6e9010afa65e,2026-01-09T18:21:42.547000,2026-01-09T18:21:42.547000,anonymous,anonymous,FALSE
b828caf0-4cef-4a31-9cf0-102b91841982,69593ddcadb5f834c1df5aac,1/9/2026,2,3,10,2026-01-09T18:20:19.459Z,696146e330dd3bf1c314b065,2026-01-09T18:20:19.567000,2026-01-09T18:20:19.567000,anonymous,anonymous,FALSE
b828caf0-4cef-4a31-9cf0-102b91841982,69593ddde0762f0fda4a8b45,1/9/2026,2,7,14,2026-01-09T18:20:12.656Z,696146dc5b8fa78b07efd4e1,2026-01-09T18:20:12.734000,2026-01-09T18:20:12.734000,anonymous,anonymous,FALSE
b828caf0-4cef-4a31-9cf0-102b91841982,69593ddc97c883f04d4a839d,1/9/2026,4,5,26,2026-01-09T18:20:06.786Z,696146d6445bf6761568523c,2026-01-09T18:20:06.875000,2026-01-09T18:20:06.875000,anonymous,anonymous,FALSE
b828caf0-4cef-4a31-9cf0-102b91841982,69593ddc5731441183ecdee5,1/9/2026,2,3,10,2026-01-09T18:19:59.296Z,696146cffd036be514794f28,2026-01-09T18:19:59.430000,2026-01-09T18:19:59.430000,anonymous,anonymous,FALSE
b828caf0-4cef-4a31-9cf0-102b91841982,69593ddbdf5f0ff1ac2e78f2,1/9/2026,5,3,31,2026-01-09T18:19:52.710Z,696146c81fc2f6c449f124c6,2026-01-09T18:19:52.815000,2026-01-09T18:19:52.815000,anonymous,anonymous,FALSE
b828caf0-4cef-4a31-9cf0-102b91841982,69079124900fedf3fc27cf51,1/9/2026,4,6,27,2026-01-09T18:19:41.718Z,696146b20fe6aaf2155d2778,2026-01-09T18:19:30.201000,2026-01-09T18:19:41.908000,anonymous,anonymous,FALSE
b828caf0-4cef-4a31-9cf0-102b91841982,69593ddac1fb00b7ab7169e6,1/9/2026,5,5,33,2026-01-09T18:19:22.493Z,696146aa8028f593f1d2d764,2026-01-09T18:19:22.861000,2026-01-09T18:19:22.861000,anonymous,anonymous,FALSE
b828caf0-4cef-4a31-9cf0-102b91841982,6907912510acab4c189c26cd,1/9/2026,4,5,26,2026-01-09T18:19:17.206Z,696146a57e1d7ad27422d667,2026-01-09T18:19:17.531000,2026-01-09T18:19:17.531000,anonymous,anonymous,FALSE
b828caf0-4cef-4a31-9cf0-102b91841982,69079125de5cf20cb23dbb42,1/9/2026,6,2,37,2026-01-09T18:18:54.214Z,6961468ebdbda9744f789899,2026-01-09T18:18:54.313000,2026-01-09T18:18:54.313000,anonymous,anonymous,FALSE
b828caf0-4cef-4a31-9cf0-102b91841982,690791231130232c6f24a8b1,1/9/2026,5,4,32,2026-01-09T18:18:48.860Z,69614688b6b1a23432e0792a,2026-01-09T18:18:48.997000,2026-01-09T18:18:48.997000,anonymous,anonymous,FALSE
b828caf0-4cef-4a31-9cf0-102b91841982,69593dc0eac6a120dc6e88a1,1/9/2026,5,4,32,2026-01-09T18:18:42.154Z,69614682c4ef220ad27ae845,2026-01-09T18:18:42.474000,2026-01-09T18:18:42.474000,anonymous,anonymous,FALSE
b828caf0-4cef-4a31-9cf0-102b91841982,69079122e0cd0242cebd60cf,1/9/2026,6,2,37,2026-01-09T17:55:49.657Z,69614125d756b37e83a71d50,2026-01-09T17:55:49.752000,2026-01-09T17:55:49.752000,anonymous,anonymous,FALSE
b828caf0-4cef-4a31-9cf0-102b91841982,69593db9785c2ed83c8cbea7,1/9/2026,6,3,38,2026-01-09T17:55:45.017Z,6961412127b2c08d1c20469e,2026-01-09T17:55:45.137000,2026-01-09T17:55:45.137000,anonymous,anonymous,FALSE
b828caf0-4cef-4a31-9cf0-102b91841982,690791237f24aa1ecd5429a9,1/9/2026,6,4,39,2026-01-09T17:55:35.891Z,69614118d82c593284215f64,2026-01-09T17:55:36.010000,2026-01-09T17:55:36.010000,anonymous,anonymous,FALSE
b828caf0-4cef-4a31-9cf0-102b91841982,69593db392815610917874fb,1/9/2026,3,7,21,2026-01-09T17:55:27.471Z,6961410f5e14dbe225a3a0a9,2026-01-09T17:55:27.577000,2026-01-09T17:55:27.577000,anonymous,anonymous,FALSE
b828caf0-4cef-4a31-9cf0-102b91841982,69593daf0a570c24336526d8,1/9/2026,5,7,35,2026-01-09T17:55:04.481Z,696140f8f0d980489cccf734,2026-01-09T17:55:04.676000,2026-01-09T17:55:04.676000,anonymous,anonymous,FALSE
b828caf0-4cef-4a31-9cf0-102b91841982,69079123065e0438f4af92d0,1/9/2026,4,7,28,2026-01-09T17:54:57.533Z,696140e747fe03b07903e999,2026-01-09T17:54:47.699000,2026-01-09T17:54:57.896000,anonymous,anonymous,FALSE
b828caf0-4cef-4a31-9cf0-102b91841982,69613b40078b23352ef473eb,1/9/2026,6,4,39,2026-01-09T17:54:39.867Z,696140df0321609d442d8bbe,2026-01-09T17:54:39.933000,2026-01-09T17:54:39.933000,anonymous,anonymous,FALSE
b828caf0-4cef-4a31-9cf0-102b91841982,69613e532106c691db26a56e,1/9/2026,5,6,34,2026-01-09T17:54:16.597Z,696140c8d4827efb5c87854c,2026-01-09T17:54:16.678000,2026-01-09T17:54:16.678000,anonymous,anonymous,FALSE
b828caf0-4cef-4a31-9cf0-102b91841982,69613eb74c3f8190091231a4,1/9/2026,6,5,40,2026-01-09T17:54:07.653Z,696140bf32a215796c6d1c70,2026-01-09T17:54:07.744000,2026-01-09T17:54:07.744000,anonymous,anonymous,FALSE
b828caf0-4cef-4a31-9cf0-102b91841982,69613f3bb3356976f6a60931,1/9/2026,6,6,41,2026-01-09T17:53:54.107Z,696140b20277c43d79798b0b,2026-01-09T17:53:54.180000,2026-01-09T17:53:54.180000,anonymous,anonymous,FALSE
b828caf0-4cef-4a31-9cf0-102b91841982,6961406f96a6a2b22a8083c3,1/9/2026,5,6,34,2026-01-09T17:53:45.726Z,696140aa7ebe9af5861dae98,2026-01-09T17:53:46.083000,2026-01-09T17:53:46.083000,anonymous,anonymous,FALSE
fed6c52e-3491-40cf-91df-5c9a734a0926,69593dddb7e03945a9abeb07,1/9/2026,5,2,30,2026-01-09T17:13:05.619Z,69613721bef711e269296ab1,2026-01-09T17:13:05.737000,2026-01-09T17:13:05.737000,anonymous,anonymous,FALSE
fed6c52e-3491-40cf-91df-5c9a734a0926,69593dddef4549e17f3ee3a2,1/9/2026,4,7,28,2026-01-09T17:12:57.667Z,6961371954864341c873c076,2026-01-09T17:12:57.944000,2026-01-09T17:12:57.944000,anonymous,anonymous,FALSE
fed6c52e-3491-40cf-91df-5c9a734a0926,69593ddde0762f0fda4a8b45,1/9/2026,2,7,14,2026-01-09T17:12:50.020Z,69613712318a75f8df70c649,2026-01-09T17:12:50.117000,2026-01-09T17:12:50.117000,anonymous,anonymous,FALSE
fed6c52e-3491-40cf-91df-5c9a734a0926,69593ddcadb5f834c1df5aac,1/9/2026,2,2,9,2026-01-09T17:12:40.076Z,69613708f0eb7bde40b389f1,2026-01-09T17:12:40.183000,2026-01-09T17:12:40.183000,anonymous,anonymous,FALSE
fed6c52e-3491-40cf-91df-5c9a734a0926,69593ddc97c883f04d4a839d,1/9/2026,5,5,33,2026-01-09T17:12:30.194Z,696136fe7a338450351a6645,2026-01-09T17:12:30.348000,2026-01-09T17:12:30.348000,anonymous,anonymous,FALSE
fed6c52e-3491-40cf-91df-5c9a734a0926,69593ddc5731441183ecdee5,1/9/2026,2,3,10,2026-01-09T17:12:22.248Z,696136f696079de691a889ba,2026-01-09T17:12:22.352000,2026-01-09T17:12:22.352000,anonymous,anonymous,FALSE
fed6c52e-3491-40cf-91df-5c9a734a0926,69593ddbdf5f0ff1ac2e78f2,1/9/2026,6,1,36,2026-01-09T17:12:15.012Z,696136ef307da03531780f21,2026-01-09T17:12:15.243000,2026-01-09T17:12:15.243000,anonymous,anonymous,FALSE
fed6c52e-3491-40cf-91df-5c9a734a0926,69079124900fedf3fc27cf51,1/9/2026,5,7,35,2026-01-09T17:12:07.391Z,696136e16d9749cd5b807f49,2026-01-09T17:12:01.473000,2026-01-09T17:12:07.790000,anonymous,anonymous,FALSE
fed6c52e-3491-40cf-91df-5c9a734a0926,69593ddac1fb00b7ab7169e6,1/9/2026,4,5,26,2026-01-09T17:11:54.223Z,696136da4c021a8d7403ba99,2026-01-09T17:11:54.332000,2026-01-09T17:11:54.332000,anonymous,anonymous,FALSE
fed6c52e-3491-40cf-91df-5c9a734a0926,6907912510acab4c189c26cd,1/9/2026,4,5,26,2026-01-09T17:11:49.476Z,696136d5f62e97071cf44af7,2026-01-09T17:11:49.605000,2026-01-09T17:11:49.605000,anonymous,anonymous,FALSE
fed6c52e-3491-40cf-91df-5c9a734a0926,69079125de5cf20cb23dbb42,1/9/2026,6,1,36,2026-01-09T17:11:43.061Z,696136cfb84437d19064f22d,2026-01-09T17:11:43.187000,2026-01-09T17:11:43.187000,anonymous,anonymous,FALSE
fed6c52e-3491-40cf-91df-5c9a734a0926,690791231130232c6f24a8b1,1/9/2026,5,5,33,2026-01-09T17:11:28.038Z,696136c0d263df69772e17c6,2026-01-09T17:11:28.166000,2026-01-09T17:11:28.166000,anonymous,anonymous,FALSE
fed6c52e-3491-40cf-91df-5c9a734a0926,69593dc0eac6a120dc6e88a1,1/9/2026,5,2,30,2026-01-09T17:11:36.320Z,696136b4fd8f9bbf4930b357,2026-01-09T17:11:16.560000,2026-01-09T17:11:36.441000,anonymous,anonymous,FALSE
fed6c52e-3491-40cf-91df-5c9a734a0926,69079122e0cd0242cebd60cf,1/9/2026,6,2,37,2026-01-09T17:11:02.808Z,696136a696079de691a88993,2026-01-09T17:11:02.962000,2026-01-09T17:11:02.962000,anonymous,anonymous,FALSE
fed6c52e-3491-40cf-91df-5c9a734a0926,69593db9785c2ed83c8cbea7,1/9/2026,6,2,37,2026-01-09T17:10:53.317Z,6961369d445bf67615683a74,2026-01-09T17:10:53.434000,2026-01-09T17:10:53.434000,anonymous,anonymous,FALSE
fed6c52e-3491-40cf-91df-5c9a734a0926,690791237f24aa1ecd5429a9,1/9/2026,6,2,37,2026-01-09T17:10:46.828Z,6961369692cc2d3d3dc4ed46,2026-01-09T17:10:46.952000,2026-01-09T17:10:46.952000,anonymous,anonymous,FALSE
fed6c52e-3491-40cf-91df-5c9a734a0926,69593db392815610917874fb,1/9/2026,5,7,35,2026-01-09T17:10:37.845Z,6961368d551818b2ca67b6b3,2026-01-09T17:10:37.974000,2026-01-09T17:10:37.974000,anonymous,anonymous,FALSE
fed6c52e-3491-40cf-91df-5c9a734a0926,69593daf0a570c24336526d8,1/9/2026,4,7,28,2026-01-09T17:10:29.345Z,696136853be82108ca4eaac8,2026-01-09T17:10:29.471000,2026-01-09T17:10:29.471000,anonymous,anonymous,FALSE
fed6c52e-3491-40cf-91df-5c9a734a0926,69079123065e0438f4af92d0,1/9/2026,4,7,28,2026-01-09T17:10:17.393Z,6961367943ea00bce2c330bc,2026-01-09T17:10:17.612000,2026-01-09T17:10:17.612000,anonymous,anonymous,FALSE
fed6c52e-3491-40cf-91df-5c9a734a0926,69613190370dd5f27f51b51e,1/9/2026,6,7,42,2026-01-09T17:10:04.364Z,6961366cbc79d49f4fc3ce17,2026-01-09T17:10:04.556000,2026-01-09T17:10:04.556000,anonymous,anonymous,FALSE
fed6c52e-3491-40cf-91df-5c9a734a0926,6961335f4f26a8154fb3d097,1/9/2026,6,5,40,2026-01-09T17:09:56.089Z,69613664aa9282fc004ab86a,2026-01-09T17:09:56.224000,2026-01-09T17:09:56.224000,anonymous,anonymous,FALSE
fed6c52e-3491-40cf-91df-5c9a734a0926,696135426bbb7cfb720b26b4,1/9/2026,6,5,40,2026-01-09T17:09:40.381Z,696136540b1479723bc2a3b0,2026-01-09T17:09:40.488000,2026-01-09T17:09:40.488000,anonymous,anonymous,FALSE
fed6c52e-3491-40cf-91df-5c9a734a0926,696135c28d0ecab4645bfd1f,1/9/2026,6,5,40,2026-01-09T17:09:29.214Z,696136490c011c9740794045,2026-01-09T17:09:29.560000,2026-01-09T17:09:29.560000,anonymous,anonymous,FALSE
eb0fc86c-c0b4-447e-a72b-785aa6e61518,69593dddb7e03945a9abeb07,1/6/2026,6,2,37,2026-01-06T09:58:32.793Z,695cdcc9d3f4b81be71955cd,2026-01-06T09:58:33.480000,2026-01-06T09:58:33.480000,anonymous,anonymous,FALSE
eb0fc86c-c0b4-447e-a72b-785aa6e61518,69593dddef4549e17f3ee3a2,1/6/2026,4,7,28,2026-01-06T09:58:38.030Z,695cdcc4ec4fd4a7ae71630d,2026-01-06T09:58:28.776000,2026-01-06T09:58:38.941000,anonymous,anonymous,FALSE
eb0fc86c-c0b4-447e-a72b-785aa6e61518,69593ddde0762f0fda4a8b45,1/6/2026,2,7,14,2026-01-06T09:58:21.563Z,695cdcbe57fa819d9f76e5b6,2026-01-06T09:58:22.280000,2026-01-06T09:58:22.280000,anonymous,anonymous,FALSE
eb0fc86c-c0b4-447e-a72b-785aa6e61518,69593ddcadb5f834c1df5aac,1/6/2026,2,4,11,2026-01-06T09:58:15.859Z,695cdcb1c26af69bbc4dc468,2026-01-06T09:58:09.019000,2026-01-06T09:58:16.783000,anonymous,anonymous,FALSE
eb0fc86c-c0b4-447e-a72b-785aa6e61518,69593ddc97c883f04d4a839d,1/6/2026,4,5,26,2026-01-06T09:58:03.621Z,695cdcac96cd37ba2e13bdec,2026-01-06T09:58:04.326000,2026-01-06T09:58:04.326000,anonymous,anonymous,FALSE
eb0fc86c-c0b4-447e-a72b-785aa6e61518,69593ddc5731441183ecdee5,1/6/2026,2,3,10,2026-01-06T09:57:58.849Z,695cdca7f25cc23d526c21ba,2026-01-06T09:57:59.560000,2026-01-06T09:57:59.560000,anonymous,anonymous,FALSE
eb0fc86c-c0b4-447e-a72b-785aa6e61518,69593ddbdf5f0ff1ac2e78f2,1/6/2026,6,2,37,2026-01-06T09:57:54.332Z,695cdca3a3f0b2cdd7535855,2026-01-06T09:57:55.068000,2026-01-06T09:57:55.068000,anonymous,anonymous,FALSE
eb0fc86c-c0b4-447e-a72b-785aa6e61518,69079124900fedf3fc27cf51,1/6/2026,6,6,41,2026-01-06T09:57:49.209Z,695cdc9dc71153d08a437a8b,2026-01-06T09:57:49.964000,2026-01-06T09:57:49.964000,anonymous,anonymous,FALSE
eb0fc86c-c0b4-447e-a72b-785aa6e61518,69593ddac1fb00b7ab7169e6,1/6/2026,5,5,33,2026-01-06T09:57:39.780Z,695cdc941161df30aed31ad4,2026-01-06T09:57:40.508000,2026-01-06T09:57:40.508000,anonymous,anonymous,FALSE
eb0fc86c-c0b4-447e-a72b-785aa6e61518,6907912510acab4c189c26cd,1/6/2026,5,4,32,2026-01-06T09:57:35.085Z,695cdc8f67ece8ec88a9df64,2026-01-06T09:57:35.814000,2026-01-06T09:57:35.814000,anonymous,anonymous,FALSE
eb0fc86c-c0b4-447e-a72b-785aa6e61518,69079125de5cf20cb23dbb42,1/6/2026,7,2,44,2026-01-06T09:57:25.133Z,695cdc856b5a4765975013e9,2026-01-06T09:57:25.833000,2026-01-06T09:57:25.833000,anonymous,anonymous,FALSE
eb0fc86c-c0b4-447e-a72b-785aa6e61518,690791231130232c6f24a8b1,1/6/2026,4,5,26,2026-01-06T09:57:20.608Z,695cdc817178d5a3abe17f91,2026-01-06T09:57:21.306000,2026-01-06T09:57:21.306000,anonymous,anonymous,FALSE
eb0fc86c-c0b4-447e-a72b-785aa6e61518,69593dc0eac6a120dc6e88a1,1/6/2026,5,2,30,2026-01-06T09:57:13.378Z,695cdc7a894763983fb93dc6,2026-01-06T09:57:14.103000,2026-01-06T09:57:14.103000,anonymous,anonymous,FALSE
eb0fc86c-c0b4-447e-a72b-785aa6e61518,69079122e0cd0242cebd60cf,1/6/2026,5,2,30,2026-01-06T09:57:03.716Z,695cdc706841bfef3890d144,2026-01-06T09:57:04.449000,2026-01-06T09:57:04.449000,anonymous,anonymous,FALSE
eb0fc86c-c0b4-447e-a72b-785aa6e61518,69593db9785c2ed83c8cbea7,1/6/2026,5,3,31,2026-01-06T09:57:00.018Z,695cdc6c70cea8b448982e6c,2026-01-06T09:57:00.759000,2026-01-06T09:57:00.759000,anonymous,anonymous,FALSE
eb0fc86c-c0b4-447e-a72b-785aa6e61518,690791237f24aa1ecd5429a9,1/6/2026,6,3,38,2026-01-06T09:56:52.733Z,695cdc6525718aef4d083ee6,2026-01-06T09:56:53.502000,2026-01-06T09:56:53.502000,anonymous,anonymous,FALSE
eb0fc86c-c0b4-447e-a72b-785aa6e61518,69593db392815610917874fb,1/6/2026,3,6,20,2026-01-06T09:56:46.817Z,695cdc5fc26af69bbc4dc438,2026-01-06T09:56:47.534000,2026-01-06T09:56:47.534000,anonymous,anonymous,FALSE
eb0fc86c-c0b4-447e-a72b-785aa6e61518,69593daf0a570c24336526d8,1/6/2026,4,7,28,2026-01-06T09:56:35.687Z,695cdc549b96e3b84e3fa60a,2026-01-06T09:56:36.436000,2026-01-06T09:56:36.436000,anonymous,anonymous,FALSE
eb0fc86c-c0b4-447e-a72b-785aa6e61518,69079123065e0438f4af92d0,1/6/2026,4,6,27,2026-01-06T09:56:39.276Z,695cdc4be932ea9e1859afe6,2026-01-06T09:56:27.511000,2026-01-06T09:56:40.288000,anonymous,anonymous,FALSE
eb0fc86c-c0b4-447e-a72b-785aa6e61518,695cd6640ba0dc5235852602,1/6/2026,5,7,35,2026-01-06T09:55:56.991Z,695cdc2d0717673fd172a191,2026-01-06T09:55:57.720000,2026-01-06T09:55:57.720000,anonymous,anonymous,FALSE
eb0fc86c-c0b4-447e-a72b-785aa6e61518,695cd7664380b60b00dfa8de,1/6/2026,7,5,47,2026-01-06T09:55:52.235Z,695cdc28798c527f67493a78,2026-01-06T09:55:52.989000,2026-01-06T09:55:52.989000,anonymous,anonymous,FALSE
eb0fc86c-c0b4-447e-a72b-785aa6e61518,695cd7ead3f4b81be7194bdd,1/6/2026,5,6,34,2026-01-06T09:55:45.363Z,695cdc22caf4ffd2b57f1ebe,2026-01-06T09:55:46.083000,2026-01-06T09:55:46.083000,anonymous,anonymous,FALSE
eb0fc86c-c0b4-447e-a72b-785aa6e61518,695cd844360395be926f7a4e,1/6/2026,6,6,41,2026-01-06T09:55:39.789Z,695cdc1c7911977681245111,2026-01-06T09:55:40.520000,2026-01-06T09:55:40.520000,anonymous,anonymous,FALSE
eb0fc86c-c0b4-447e-a72b-785aa6e61518,695cdb0d37003bbfcd3ccb42,1/6/2026,5,6,34,2026-01-06T09:55:25.873Z,695cdc0e5ffce4fd70776e1b,2026-01-06T09:55:26.677000,2026-01-06T09:55:26.677000,anonymous,anonymous,FALSE
eb0fc86c-c0b4-447e-a72b-785aa6e61518,695cdb498b2225acf47588b2,1/6/2026,6,6,41,2026-01-06T09:55:29.343Z,695cdbfc1a2eb7aef3e0691c,2026-01-06T09:55:08.546000,2026-01-06T09:55:30.356000,anonymous,anonymous,FALSE
cdecce63-879c-40b2-b10f-9c7fa53bd875,69593dddb7e03945a9abeb07,1/6/2026,1,3,3,2026-01-06T09:36:16.717Z,695cd790793a1e7a07b845b9,2026-01-06T09:36:16.680000,2026-01-06T09:36:16.680000,anonymous,anonymous,FALSE
cdecce63-879c-40b2-b10f-9c7fa53bd875,69593dddef4549e17f3ee3a2,1/6/2026,6,5,40,2026-01-06T09:35:59.390Z,695cd77f07c30e12d21c4dec,2026-01-06T09:35:59.365000,2026-01-06T09:35:59.365000,anonymous,anonymous,FALSE
cdecce63-879c-40b2-b10f-9c7fa53bd875,69593ddde0762f0fda4a8b45,1/6/2026,2,6,13,2026-01-06T09:35:13.336Z,695cd751b9ae2763dd8f06aa,2026-01-06T09:35:13.336000,2026-01-06T09:35:13.336000,anonymous,anonymous,FALSE
cdecce63-879c-40b2-b10f-9c7fa53bd875,69593ddcadb5f834c1df5aac,1/6/2026,5,7,35,2026-01-06T09:34:33.294Z,695cd71a6b9bedae53d4f8b7,2026-01-06T09:34:18.797000,2026-01-06T09:34:33.464000,anonymous,anonymous,FALSE
cdecce63-879c-40b2-b10f-9c7fa53bd875,69593ddc97c883f04d4a839d,1/6/2026,4,6,27,2026-01-06T09:33:52.128Z,695cd700f89bfc3d3af3ce31,2026-01-06T09:33:52.083000,2026-01-06T09:33:52.083000,anonymous,anonymous,FALSE
cdecce63-879c-40b2-b10f-9c7fa53bd875,69593ddc5731441183ecdee5,1/6/2026,1,7,7,2026-01-06T09:33:22.508Z,695cd6e26b9bedae53d4f8a1,2026-01-06T09:33:22.473000,2026-01-06T09:33:22.473000,anonymous,anonymous,FALSE
cdecce63-879c-40b2-b10f-9c7fa53bd875,69593ddbdf5f0ff1ac2e78f2,1/6/2026,1,5,5,2026-01-06T09:32:37.793Z,695cd6b54380b60b00dfa696,2026-01-06T09:32:37.745000,2026-01-06T09:32:37.745000,anonymous,anonymous,FALSE
cdecce63-879c-40b2-b10f-9c7fa53bd875,69079124900fedf3fc27cf51,1/6/2026,4,5,26,2026-01-06T09:32:16.916Z,695cd6a0032e399a79eb45dd,2026-01-06T09:32:16.920000,2026-01-06T09:32:16.920000,anonymous,anonymous,FALSE
cdecce63-879c-40b2-b10f-9c7fa53bd875,69593ddac1fb00b7ab7169e6,1/6/2026,4,7,28,2026-01-06T09:31:42.855Z,695cd67e38ac20ee7218694d,2026-01-06T09:31:42.818000,2026-01-06T09:31:42.818000,anonymous,anonymous,FALSE
cdecce63-879c-40b2-b10f-9c7fa53bd875,6907912510acab4c189c26cd,1/6/2026,2,7,14,2026-01-06T09:31:14.841Z,695cd662e806ca9b332af6b9,2026-01-06T09:31:14.804000,2026-01-06T09:31:14.804000,anonymous,anonymous,FALSE
cdecce63-879c-40b2-b10f-9c7fa53bd875,69079125de5cf20cb23dbb42,1/6/2026,7,6,48,2026-01-06T09:30:48.870Z,695cd64898439e90ae8961fd,2026-01-06T09:30:48.836000,2026-01-06T09:30:48.836000,anonymous,anonymous,FALSE
cdecce63-879c-40b2-b10f-9c7fa53bd875,690791231130232c6f24a8b1,1/6/2026,5,6,34,2026-01-06T09:30:28.595Z,695cd63440c3de2d9e123572,2026-01-06T09:30:28.565000,2026-01-06T09:30:28.565000,anonymous,anonymous,FALSE
cdecce63-879c-40b2-b10f-9c7fa53bd875,69593dc0eac6a120dc6e88a1,1/6/2026,7,7,49,2026-01-06T09:30:06.359Z,695cd61e2e33e084ebaa3527,2026-01-06T09:30:06.548000,2026-01-06T09:30:06.548000,anonymous,anonymous,FALSE
cdecce63-879c-40b2-b10f-9c7fa53bd875,69079122e0cd0242cebd60cf,1/6/2026,3,6,20,2026-01-06T09:28:25.353Z,695cd5b9347eb1f6e2e6d822,2026-01-06T09:28:25.325000,2026-01-06T09:28:25.325000,anonymous,anonymous,FALSE
cdecce63-879c-40b2-b10f-9c7fa53bd875,69593db9785c2ed83c8cbea7,1/6/2026,7,7,49,2026-01-06T09:27:47.276Z,695cd593347eb1f6e2e6d80e,2026-01-06T09:27:47.273000,2026-01-06T09:27:47.273000,anonymous,anonymous,FALSE
cdecce63-879c-40b2-b10f-9c7fa53bd875,690791237f24aa1ecd5429a9,1/6/2026,6,7,42,2026-01-06T09:27:35.533Z,695cd5877aff71d412af1490,2026-01-06T09:27:35.486000,2026-01-06T09:27:35.486000,anonymous,anonymous,FALSE
cdecce63-879c-40b2-b10f-9c7fa53bd875,69593db392815610917874fb,1/6/2026,6,6,41,2026-01-06T09:26:49.224Z,695cd559cc06639d51cb6060,2026-01-06T09:26:49.182000,2026-01-06T09:26:49.182000,anonymous,anonymous,FALSE
cdecce63-879c-40b2-b10f-9c7fa53bd875,69593daf0a570c24336526d8,1/6/2026,3,5,19,2026-01-06T09:26:08.357Z,695cd530a2686e565d81ec65,2026-01-06T09:26:08.311000,2026-01-06T09:26:08.311000,anonymous,anonymous,FALSE
cdecce63-879c-40b2-b10f-9c7fa53bd875,69079123065e0438f4af92d0,1/6/2026,2,5,12,2026-01-06T09:25:27.125Z,695cd5075e3da479431e2566,2026-01-06T09:25:27.104000,2026-01-06T09:25:27.104000,anonymous,anonymous,FALSE
cdecce63-879c-40b2-b10f-9c7fa53bd875,695ccd266b5a4765975010c1,1/6/2026,3,4,18,2026-01-06T09:24:34.454Z,695cd4d26169e7a5dbf946b6,2026-01-06T09:24:34.413000,2026-01-06T09:24:34.413000,anonymous,anonymous,FALSE
cdecce63-879c-40b2-b10f-9c7fa53bd875,695ccdd4c9afeb98c54493ba,1/6/2026,5,5,33,2026-01-06T09:19:12.177Z,695cd39023e0ce575782cef2,2026-01-06T09:19:12.187000,2026-01-06T09:19:12.187000,anonymous,anonymous,FALSE
7372d8df-8801-4122-acd5-a879fc9db86b,69593dddb7e03945a9abeb07,1/6/2026,5,2,30,2026-01-06T09:19:09.555Z,695cd38e894763983fb92d98,2026-01-06T09:19:10.659000,2026-01-06T09:19:10.659000,anonymous,anonymous,FALSE
7372d8df-8801-4122-acd5-a879fc9db86b,69593dddef4549e17f3ee3a2,1/6/2026,3,7,21,2026-01-06T09:19:03.234Z,695cd388b3b4cbb9f9862e50,2026-01-06T09:19:04.279000,2026-01-06T09:19:04.279000,anonymous,anonymous,FALSE
7372d8df-8801-4122-acd5-a879fc9db86b,69593ddde0762f0fda4a8b45,1/6/2026,2,7,14,2026-01-06T09:18:57.673Z,695cd37e9ae573caa8a7fc92,2026-01-06T09:18:54.155000,2026-01-06T09:18:58.931000,anonymous,anonymous,FALSE
7372d8df-8801-4122-acd5-a879fc9db86b,69593ddcadb5f834c1df5aac,1/6/2026,2,2,9,2026-01-06T09:18:44.250Z,695cd375787b8c410b4cd514,2026-01-06T09:18:45.295000,2026-01-06T09:18:45.295000,anonymous,anonymous,FALSE
7372d8df-8801-4122-acd5-a879fc9db86b,69593ddc97c883f04d4a839d,1/6/2026,4,5,26,2026-01-06T09:18:36.809Z,695cd36d1efd22948c8c4ec5,2026-01-06T09:18:37.853000,2026-01-06T09:18:37.853000,anonymous,anonymous,FALSE
7372d8df-8801-4122-acd5-a879fc9db86b,69593ddc5731441183ecdee5,1/6/2026,2,3,10,2026-01-06T09:18:30.025Z,695cd367cd79853a8e02f9a9,2026-01-06T09:18:31.073000,2026-01-06T09:18:31.073000,anonymous,anonymous,FALSE
cdecce63-879c-40b2-b10f-9c7fa53bd875,695cd05ca41dfc378cc2fb6a,1/6/2026,4,4,25,2026-01-06T09:18:22.099Z,695cd35ebf2a71e7fb597796,2026-01-06T09:18:22.069000,2026-01-06T09:18:22.069000,anonymous,anonymous,FALSE
7372d8df-8801-4122-acd5-a879fc9db86b,69593ddbdf5f0ff1ac2e78f2,1/6/2026,5,2,30,2026-01-06T09:18:20.375Z,695cd35df39d6894fc431716,2026-01-06T09:18:21.429000,2026-01-06T09:18:21.429000,anonymous,anonymous,FALSE
7372d8df-8801-4122-acd5-a879fc9db86b,69079124900fedf3fc27cf51,1/6/2026,5,7,35,2026-01-06T09:18:04.247Z,695cd34dca4caca4032a465d,2026-01-06T09:18:05.320000,2026-01-06T09:18:05.320000,anonymous,anonymous,FALSE
cdecce63-879c-40b2-b10f-9c7fa53bd875,695cd103e7226e5cc8aa5205,1/6/2026,1,6,6,2026-01-06T09:17:43.714Z,695cd337818c65689384cd84,2026-01-06T09:17:43.700000,2026-01-06T09:17:43.700000,anonymous,anonymous,FALSE
7372d8df-8801-4122-acd5-a879fc9db86b,69593ddac1fb00b7ab7169e6,1/6/2026,5,6,34,2026-01-06T09:17:55.890Z,695cd335df27d008714086b8,2026-01-06T09:17:41.495000,2026-01-06T09:17:57.157000,anonymous,anonymous,FALSE
7372d8df-8801-4122-acd5-a879fc9db86b,6907912510acab4c189c26cd,1/6/2026,5,5,33,2026-01-06T09:17:26.344Z,695cd3279ff42b34eb94c66c,2026-01-06T09:17:27.392000,2026-01-06T09:17:27.392000,anonymous,anonymous,FALSE
7372d8df-8801-4122-acd5-a879fc9db86b,69079125de5cf20cb23dbb42,1/6/2026,6,2,37,2026-01-06T09:17:20.776Z,695cd321cc16a43f6dc83fef,2026-01-06T09:17:21.838000,2026-01-06T09:17:21.838000,anonymous,anonymous,FALSE
7372d8df-8801-4122-acd5-a879fc9db86b,690791231130232c6f24a8b1,1/6/2026,5,5,33,2026-01-06T09:17:14.062Z,695cd31b974c5c1089c56202,2026-01-06T09:17:15.109000,2026-01-06T09:17:15.109000,anonymous,anonymous,FALSE
cdecce63-879c-40b2-b10f-9c7fa53bd875,695cd1b61c2f72d78f0598fc,1/6/2026,2,6,13,2026-01-06T09:17:10.213Z,695cd3161161b35496a6ed83,2026-01-06T09:17:10.167000,2026-01-06T09:17:10.167000,anonymous,anonymous,FALSE
7372d8df-8801-4122-acd5-a879fc9db86b,69593dc0eac6a120dc6e88a1,1/6/2026,6,3,38,2026-01-06T09:16:59.354Z,695cd30cb30a16c03464c909,2026-01-06T09:17:00.497000,2026-01-06T09:17:00.497000,anonymous,anonymous,FALSE
7372d8df-8801-4122-acd5-a879fc9db86b,69079122e0cd0242cebd60cf,1/6/2026,5,2,30,2026-01-06T09:16:54.772Z,695cd307a466176a51f7faee,2026-01-06T09:16:55.854000,2026-01-06T09:16:55.854000,anonymous,anonymous,FALSE
7372d8df-8801-4122-acd5-a879fc9db86b,69593db9785c2ed83c8cbea7,1/6/2026,6,2,37,2026-01-06T09:16:47.958Z,695cd2fae93020937bb3dd64,2026-01-06T09:16:42.686000,2026-01-06T09:16:49.855000,anonymous,anonymous,FALSE
7372d8df-8801-4122-acd5-a879fc9db86b,690791237f24aa1ecd5429a9,1/6/2026,6,2,37,2026-01-06T09:16:34.719Z,695cd2f399945840d8614d94,2026-01-06T09:16:35.763000,2026-01-06T09:16:35.763000,anonymous,anonymous,FALSE
7372d8df-8801-4122-acd5-a879fc9db86b,69593db392815610917874fb,1/6/2026,4,7,28,2026-01-06T09:16:24.205Z,695cd2e9974c5c1089c561e9,2026-01-06T09:16:25.272000,2026-01-06T09:16:25.272000,anonymous,anonymous,FALSE
cdecce63-879c-40b2-b10f-9c7fa53bd875,695cccb76859440ace1ef871,1/6/2026,1,7,7,2026-01-06T09:16:12.291Z,695cd2dccb9363780033c2ea,2026-01-06T09:16:12.494000,2026-01-06T09:16:12.494000,anonymous,anonymous,FALSE
7372d8df-8801-4122-acd5-a879fc9db86b,69593daf0a570c24336526d8,1/6/2026,4,7,28,2026-01-06T09:16:05.981Z,695cd2d7e4c2d77654cb36bc,2026-01-06T09:16:07.025000,2026-01-06T09:16:07.025000,anonymous,anonymous,FALSE
7372d8df-8801-4122-acd5-a879fc9db86b,69079123065e0438f4af92d0,12/15/2025,5,6,34,2025-12-15T17:14:57.627Z,695cd2d11c8080dd76e6bf21,2026-01-06T09:16:01.333000,2026-01-06T09:16:01.333000,anonymous,anonymous,FALSE
7372d8df-8801-4122-acd5-a879fc9db86b,695cd0566859440ace1f0374,12/15/2025,7,5,47,2025-12-15T17:14:42.353Z,695cd2c2fc279516657d3caf,2026-01-06T09:15:46.064000,2026-01-06T09:15:46.064000,anonymous,anonymous,FALSE
7372d8df-8801-4122-acd5-a879fc9db86b,695cd0bf8984a060e27177a2,12/15/2025,6,5,40,2025-12-15T17:14:30.851Z,695cd2b78e8d6f8312aaf1b9,2026-01-06T09:15:35.082000,2026-01-06T09:15:35.082000,anonymous,anonymous,FALSE
7372d8df-8801-4122-acd5-a879fc9db86b,695cd13bdcb11b668666a780,12/15/2025,6,5,40,2025-12-15T17:14:16.033Z,695cd29a08c371eac7fadf42,2026-01-06T09:15:06.317000,2026-01-06T09:15:19.775000,anonymous,anonymous,FALSE
7372d8df-8801-4122-acd5-a879fc9db86b,695cd203abb3cc6a95472da1,12/15/2025,4,5,26,2025-12-15T17:13:07.617Z,695cd263ff0cd3be1fae53c6,2026-01-06T09:14:11.561000,2026-01-06T09:14:11.561000,anonymous,anonymous,FALSE
ad1b9e2e-51bb-4e90-a9ad-816022f82dc4,69593dddb7e03945a9abeb07,1/6/2026,2,7,14,2026-01-06T06:01:23.233Z,695ca53300a8248e0c72d21d,2026-01-06T06:01:23.459000,2026-01-06T06:01:23.459000,anonymous,anonymous,FALSE
ad1b9e2e-51bb-4e90-a9ad-816022f82dc4,69593dddef4549e17f3ee3a2,1/6/2026,1,1,1,2026-01-06T06:00:55.450Z,695ca51708ba11b9d5e0f555,2026-01-06T06:00:55.697000,2026-01-06T06:00:55.697000,anonymous,anonymous,FALSE
ad1b9e2e-51bb-4e90-a9ad-816022f82dc4,69593ddde0762f0fda4a8b45,1/6/2026,3,3,17,2026-01-06T06:00:39.845Z,695ca5080db6a8e92a34d797,2026-01-06T06:00:40.075000,2026-01-06T06:00:40.075000,anonymous,anonymous,FALSE
ad1b9e2e-51bb-4e90-a9ad-816022f82dc4,69593ddcadb5f834c1df5aac,1/6/2026,6,7,42,2026-01-06T06:00:05.418Z,695ca4e5c7844798cacfadca,2026-01-06T06:00:05.870000,2026-01-06T06:00:05.870000,anonymous,anonymous,FALSE
ad1b9e2e-51bb-4e90-a9ad-816022f82dc4,69593ddc97c883f04d4a839d,1/6/2026,3,7,21,2026-01-06T05:59:51.553Z,695ca4d7c7844798cacfadc6,2026-01-06T05:59:51.850000,2026-01-06T05:59:51.850000,anonymous,anonymous,FALSE
ad1b9e2e-51bb-4e90-a9ad-816022f82dc4,69593ddc5731441183ecdee5,1/6/2026,4,7,28,2026-01-06T05:59:28.193Z,695ca4c0c517419230ef6097,2026-01-06T05:59:28.409000,2026-01-06T05:59:28.409000,anonymous,anonymous,FALSE
ad1b9e2e-51bb-4e90-a9ad-816022f82dc4,69593ddbdf5f0ff1ac2e78f2,1/6/2026,2,4,11,2026-01-06T05:59:07.861Z,695ca4ac0af2b5eac16fca26,2026-01-06T05:59:08.078000,2026-01-06T05:59:08.078000,anonymous,anonymous,FALSE
ad1b9e2e-51bb-4e90-a9ad-816022f82dc4,69079124900fedf3fc27cf51,1/6/2026,3,4,18,2026-01-06T05:58:40.795Z,695ca491f99d24e0ae2324aa,2026-01-06T05:58:41.035000,2026-01-06T05:58:41.035000,anonymous,anonymous,FALSE
ad1b9e2e-51bb-4e90-a9ad-816022f82dc4,69593ddac1fb00b7ab7169e6,1/6/2026,5,7,35,2026-01-06T05:58:12.328Z,695ca4741848128df2a06b03,2026-01-06T05:58:12.592000,2026-01-06T05:58:12.592000,anonymous,anonymous,FALSE
ad1b9e2e-51bb-4e90-a9ad-816022f82dc4,6907912510acab4c189c26cd,1/6/2026,6,4,39,2026-01-06T05:57:43.960Z,695ca458d69f994d258b7413,2026-01-06T05:57:44.204000,2026-01-06T05:57:44.204000,anonymous,anonymous,FALSE
ad1b9e2e-51bb-4e90-a9ad-816022f82dc4,69079125de5cf20cb23dbb42,1/6/2026,7,7,49,2026-01-06T05:57:13.969Z,695ca43a52320d447d62e33d,2026-01-06T05:57:14.208000,2026-01-06T05:57:14.208000,anonymous,anonymous,FALSE
ad1b9e2e-51bb-4e90-a9ad-816022f82dc4,690791231130232c6f24a8b1,1/6/2026,3,6,20,2026-01-06T05:56:54.738Z,695ca427d3ec645d12a281c3,2026-01-06T05:56:55.005000,2026-01-06T05:56:55.005000,anonymous,anonymous,FALSE
ad1b9e2e-51bb-4e90-a9ad-816022f82dc4,69593dc0eac6a120dc6e88a1,1/6/2026,6,7,42,2026-01-06T05:56:15.413Z,695ca3ff17998bab032ce8d1,2026-01-06T05:56:15.649000,2026-01-06T05:56:15.649000,anonymous,anonymous,FALSE
ad1b9e2e-51bb-4e90-a9ad-816022f82dc4,69079122e0cd0242cebd60cf,1/6/2026,2,5,12,2026-01-06T05:55:47.151Z,695ca3e3f1dcf72df6de30a5,2026-01-06T05:55:47.392000,2026-01-06T05:55:47.392000,anonymous,anonymous,FALSE
ad1b9e2e-51bb-4e90-a9ad-816022f82dc4,69593db9785c2ed83c8cbea7,1/6/2026,7,7,49,2026-01-06T05:54:55.990Z,695ca3b07604e79a94c1fe25,2026-01-06T05:54:56.228000,2026-01-06T05:54:56.228000,anonymous,anonymous,FALSE
ad1b9e2e-51bb-4e90-a9ad-816022f82dc4,690791237f24aa1ecd5429a9,1/6/2026,7,7,49,2026-01-06T05:54:36.559Z,695ca39c7e3d5cd7cba545dd,2026-01-06T05:54:36.834000,2026-01-06T05:54:36.834000,anonymous,anonymous,FALSE
ad1b9e2e-51bb-4e90-a9ad-816022f82dc4,69593db392815610917874fb,1/6/2026,6,7,42,2026-01-06T05:54:11.366Z,695ca383259031e3bce59182,2026-01-06T05:54:11.611000,2026-01-06T05:54:11.611000,anonymous,anonymous,FALSE
ad1b9e2e-51bb-4e90-a9ad-816022f82dc4,69593daf0a570c24336526d8,1/6/2026,4,6,27,2026-01-06T05:53:40.196Z,695ca364071ec3f81c342bdc,2026-01-06T05:53:40.431000,2026-01-06T05:53:40.431000,anonymous,anonymous,FALSE
ad1b9e2e-51bb-4e90-a9ad-816022f82dc4,69079123065e0438f4af92d0,1/6/2026,5,5,33,2026-01-06T05:53:06.277Z,695ca342b77bcc388053f403,2026-01-06T05:53:06.555000,2026-01-06T05:53:06.555000,anonymous,anonymous,FALSE
ad1b9e2e-51bb-4e90-a9ad-816022f82dc4,695c9f3dd3532ccd05f0f166,1/6/2026,6,6,41,2026-01-06T05:52:18.912Z,695ca3136153703165c672bd,2026-01-06T05:52:19.192000,2026-01-06T05:52:19.192000,anonymous,anonymous,FALSE
ad1b9e2e-51bb-4e90-a9ad-816022f82dc4,695c9fc800ae14b00cbc8dc1,1/6/2026,7,7,49,2026-01-06T05:51:52.178Z,695ca2f87dd1c2c5b24e7844,2026-01-06T05:51:52.431000,2026-01-06T05:51:52.431000,anonymous,anonymous,FALSE
ad1b9e2e-51bb-4e90-a9ad-816022f82dc4,695ca03ede38cce0ddc2a03b,1/6/2026,7,6,48,2026-01-06T05:51:31.778Z,695ca2e42167921af80f1ee9,2026-01-06T05:51:32.082000,2026-01-06T05:51:32.082000,anonymous,anonymous,FALSE
ad1b9e2e-51bb-4e90-a9ad-816022f82dc4,695ca1380d03a9f4ab4f3667,1/6/2026,4,5,26,2026-01-06T05:50:59.748Z,695ca2c478a2db8261bf6ead,2026-01-06T05:51:00.125000,2026-01-06T05:51:00.125000,anonymous,anonymous,FALSE
403fcc5a-e686-45f2-bcab-23af322043b8,69593dddb7e03945a9abeb07,1/5/2026,4,4,25,2026-01-05T21:22:40.424Z,695c2ba1284c3c46856ad4be,2026-01-05T21:22:41.896000,2026-01-05T21:22:41.896000,anonymous,anonymous,FALSE
403fcc5a-e686-45f2-bcab-23af322043b8,69593dddef4549e17f3ee3a2,1/5/2026,2,1,8,2026-01-05T21:22:25.459Z,695c2b91c4d14a56e77e4106,2026-01-05T21:22:25.784000,2026-01-05T21:22:25.784000,anonymous,anonymous,FALSE
403fcc5a-e686-45f2-bcab-23af322043b8,69593ddde0762f0fda4a8b45,1/5/2026,4,6,27,2026-01-05T21:22:15.971Z,695c2b8864b92fd413817920,2026-01-05T21:22:16.179000,2026-01-05T21:22:16.179000,anonymous,anonymous,FALSE
403fcc5a-e686-45f2-bcab-23af322043b8,69593ddcadb5f834c1df5aac,1/5/2026,6,6,41,2026-01-05T21:21:20.850Z,695c2b51d4474ddc511ced84,2026-01-05T21:21:21.559000,2026-01-05T21:21:21.559000,anonymous,anonymous,FALSE
403fcc5a-e686-45f2-bcab-23af322043b8,69593ddc97c883f04d4a839d,1/5/2026,3,3,17,2026-01-05T21:20:57.823Z,695c2b39f7dd533e210fafcb,2026-01-05T21:20:57.982000,2026-01-05T21:20:57.982000,anonymous,anonymous,FALSE
403fcc5a-e686-45f2-bcab-23af322043b8,69593ddc5731441183ecdee5,1/5/2026,2,1,8,2026-01-05T21:20:47.139Z,695c2b2f75c91077ee43bcf4,2026-01-05T21:20:47.337000,2026-01-05T21:20:47.337000,anonymous,anonymous,FALSE
403fcc5a-e686-45f2-bcab-23af322043b8,69593ddbdf5f0ff1ac2e78f2,1/5/2026,3,2,16,2026-01-05T21:20:24.539Z,695c2b182e3d42cf0813ad31,2026-01-05T21:20:24.689000,2026-01-05T21:20:24.689000,anonymous,anonymous,FALSE
403fcc5a-e686-45f2-bcab-23af322043b8,69079124900fedf3fc27cf51,1/5/2026,3,3,17,2026-01-05T21:20:07.684Z,695c2b07a9edf15cf88913fa,2026-01-05T21:20:07.848000,2026-01-05T21:20:07.848000,anonymous,anonymous,FALSE
403fcc5a-e686-45f2-bcab-23af322043b8,69593ddac1fb00b7ab7169e6,1/5/2026,4,6,27,2026-01-05T21:19:43.808Z,695c2aef95fe2d71395aff53,2026-01-05T21:19:43.962000,2026-01-05T21:19:43.962000,anonymous,anonymous,FALSE
403fcc5a-e686-45f2-bcab-23af322043b8,6907912510acab4c189c26cd,1/5/2026,4,6,27,2026-01-05T21:19:34.658Z,695c2ae6296e79fc1f7df6b0,2026-01-05T21:19:34.799000,2026-01-05T21:19:34.799000,anonymous,anonymous,FALSE
403fcc5a-e686-45f2-bcab-23af322043b8,690791231130232c6f24a8b1,1/5/2026,4,7,28,2026-01-05T21:19:15.311Z,695c2ad31efbcca7bccca063,2026-01-05T21:19:15.890000,2026-01-05T21:19:15.890000,anonymous,anonymous,FALSE
403fcc5a-e686-45f2-bcab-23af322043b8,690791231130232c6f24a8b1,1/5/2026,4,7,28,2026-01-05T21:19:15.309Z,695c2ad38fd0a9bd3aa164f0,2026-01-05T21:19:15.716000,2026-01-05T21:19:15.716000,anonymous,anonymous,FALSE
403fcc5a-e686-45f2-bcab-23af322043b8,69079125de5cf20cb23dbb42,1/5/2026,4,7,28,2026-01-05T21:18:44.670Z,695c2ab4b8f540f985fe8bdc,2026-01-05T21:18:44.806000,2026-01-05T21:18:44.806000,anonymous,anonymous,FALSE
403fcc5a-e686-45f2-bcab-23af322043b8,69593dc0eac6a120dc6e88a1,1/5/2026,6,3,38,2026-01-05T21:18:29.479Z,695c2aa67a5ff60e526c8097,2026-01-05T21:18:30.264000,2026-01-05T21:18:30.264000,anonymous,anonymous,FALSE
403fcc5a-e686-45f2-bcab-23af322043b8,69079122e0cd0242cebd60cf,1/5/2026,5,4,32,2026-01-05T21:17:48.122Z,695c2a7ca09020d4456b98ae,2026-01-05T21:17:48.262000,2026-01-05T21:17:48.262000,anonymous,anonymous,FALSE
403fcc5a-e686-45f2-bcab-23af322043b8,69593db9785c2ed83c8cbea7,1/5/2026,3,5,19,2026-01-05T21:16:53.590Z,695c2a45947510e697fb2788,2026-01-05T21:16:53.742000,2026-01-05T21:16:53.742000,anonymous,anonymous,FALSE
403fcc5a-e686-45f2-bcab-23af322043b8,690791237f24aa1ecd5429a9,1/5/2026,4,4,25,2026-01-05T21:16:40.146Z,695c2a3822a958faaa09119b,2026-01-05T21:16:40.313000,2026-01-05T21:16:40.313000,anonymous,anonymous,FALSE
403fcc5a-e686-45f2-bcab-23af322043b8,69593db392815610917874fb,1/5/2026,4,5,26,2026-01-05T21:17:14.310Z,695c2a2d3ca27425a5d9b236,2026-01-05T21:16:29.392000,2026-01-05T21:17:14.697000,anonymous,anonymous,FALSE
403fcc5a-e686-45f2-bcab-23af322043b8,69593daf0a570c24336526d8,1/5/2026,5,6,34,2026-01-05T21:16:08.594Z,695c2a1829e00f2f634b2e8c,2026-01-05T21:16:08.768000,2026-01-05T21:16:08.768000,anonymous,anonymous,FALSE
403fcc5a-e686-45f2-bcab-23af322043b8,69079123065e0438f4af92d0,1/5/2026,5,6,34,2026-01-05T21:15:58.372Z,695c2a0e8406575894810c70,2026-01-05T21:15:58.550000,2026-01-05T21:15:58.550000,anonymous,anonymous,FALSE
403fcc5a-e686-45f2-bcab-23af322043b8,695c28d6a203a012babb6234,1/5/2026,6,6,41,2026-01-05T21:15:42.754Z,695c29fef473df9609915daf,2026-01-05T21:15:42.898000,2026-01-05T21:15:42.898000,anonymous,anonymous,FALSE
403fcc5a-e686-45f2-bcab-23af322043b8,695c28e8d6fc39a4c98a14c9,1/5/2026,6,6,41,2026-01-05T21:15:29.715Z,695c29f20f83fafa77231837,2026-01-05T21:15:30.462000,2026-01-05T21:15:30.462000,anonymous,anonymous,FALSE
403fcc5a-e686-45f2-bcab-23af322043b8,695c2903e88bf14c30ea00b4,1/5/2026,6,6,41,2026-01-05T21:15:17.695Z,695c29e8bf8a59509ca616d9,2026-01-05T21:15:20.602000,2026-01-05T21:15:20.602000,anonymous,anonymous,FALSE
403fcc5a-e686-45f2-bcab-23af322043b8,695c2903e88bf14c30ea00b4,1/5/2026,6,6,41,2026-01-05T21:15:16.483Z,695c29e58f0389668b41ab4e,2026-01-05T21:15:17.981000,2026-01-05T21:15:17.981000,anonymous,anonymous,FALSE
403fcc5a-e686-45f2-bcab-23af322043b8,695c29534847f0ce87dedcf8,1/5/2026,6,6,41,2026-01-05T21:15:05.263Z,695c29c94e42c32b87873bbd,2026-01-05T21:14:49.516000,2026-01-05T21:15:05.436000,anonymous,anonymous,FALSE
ab659953-8333-4356-ac9b-53729fb97748,69593dddb7e03945a9abeb07,1/5/2026,4,2,23,2026-01-05T18:41:03.682Z,695c05bf372e251510d4221f,2026-01-05T18:41:03.868000,2026-01-05T18:41:03.868000,anonymous,anonymous,FALSE
ab659953-8333-4356-ac9b-53729fb97748,69593dddef4549e17f3ee3a2,1/5/2026,4,6,27,2026-01-05T18:40:56.504Z,695c05ba911107452d2cb8a1,2026-01-05T18:40:58.330000,2026-01-05T18:40:58.330000,anonymous,anonymous,FALSE
ab659953-8333-4356-ac9b-53729fb97748,69593ddde0762f0fda4a8b45,1/5/2026,2,7,14,2026-01-05T18:40:46.291Z,695c05aeacec0109758fff5b,2026-01-05T18:40:46.510000,2026-01-05T18:40:46.510000,anonymous,anonymous,FALSE
ab659953-8333-4356-ac9b-53729fb97748,69593ddcadb5f834c1df5aac,1/5/2026,2,2,9,2026-01-05T18:40:39.306Z,695c05a774b9c30640dba08d,2026-01-05T18:40:39.501000,2026-01-05T18:40:39.501000,anonymous,anonymous,FALSE
ab659953-8333-4356-ac9b-53729fb97748,69593ddc97c883f04d4a839d,1/5/2026,4,4,25,2026-01-05T18:40:34.573Z,695c05a216955aea4ffa05b5,2026-01-05T18:40:34.766000,2026-01-05T18:40:34.766000,anonymous,anonymous,FALSE
ab659953-8333-4356-ac9b-53729fb97748,69593ddc5731441183ecdee5,1/5/2026,3,3,17,2026-01-05T18:40:27.588Z,695c059cf77bd41517ceeb09,2026-01-05T18:40:28.161000,2026-01-05T18:40:28.161000,anonymous,anonymous,FALSE
ab659953-8333-4356-ac9b-53729fb97748,69593ddbdf5f0ff1ac2e78f2,1/5/2026,5,2,30,2026-01-05T18:40:19.531Z,695c0595ab82ddf3a4c4674a,2026-01-05T18:40:21.806000,2026-01-05T18:40:21.806000,anonymous,anonymous,FALSE
ab659953-8333-4356-ac9b-53729fb97748,69079124900fedf3fc27cf51,1/5/2026,4,7,28,2026-01-05T18:40:09.440Z,695c0589b5c78aee25c47219,2026-01-05T18:40:09.623000,2026-01-05T18:40:09.623000,anonymous,anonymous,FALSE
ab659953-8333-4356-ac9b-53729fb97748,69593ddac1fb00b7ab7169e6,1/5/2026,5,6,34,2026-01-05T18:40:03.118Z,695c0578f588498c76058f9d,2026-01-05T18:39:52.867000,2026-01-05T18:40:03.505000,anonymous,anonymous,FALSE
ab659953-8333-4356-ac9b-53729fb97748,6907912510acab4c189c26cd,1/5/2026,4,5,26,2026-01-05T18:39:48.133Z,695c057402777ec48de09391,2026-01-05T18:39:48.340000,2026-01-05T18:39:48.340000,anonymous,anonymous,FALSE
ab659953-8333-4356-ac9b-53729fb97748,69079125de5cf20cb23dbb42,1/5/2026,6,2,37,2026-01-05T18:39:40.854Z,695c056d861946ac87cf8106,2026-01-05T18:39:41.039000,2026-01-05T18:39:41.039000,anonymous,anonymous,FALSE
ab659953-8333-4356-ac9b-53729fb97748,690791231130232c6f24a8b1,1/5/2026,5,5,33,2026-01-05T18:39:34.651Z,695c0568f2de44bbc8179fd5,2026-01-05T18:39:36.397000,2026-01-05T18:39:36.397000,anonymous,anonymous,FALSE
ab659953-8333-4356-ac9b-53729fb97748,69593dc0eac6a120dc6e88a1,1/5/2026,6,2,37,2026-01-05T18:39:22.221Z,695c055a8af6cb3141325043,2026-01-05T18:39:22.406000,2026-01-05T18:39:22.406000,anonymous,anonymous,FALSE
ab659953-8333-4356-ac9b-53729fb97748,69079122e0cd0242cebd60cf,1/5/2026,5,2,30,2026-01-05T18:39:09.689Z,695c054d6c5b7e1cbac113ce,2026-01-05T18:39:09.871000,2026-01-05T18:39:09.871000,anonymous,anonymous,FALSE
ab659953-8333-4356-ac9b-53729fb97748,69593db9785c2ed83c8cbea7,1/5/2026,5,2,30,2026-01-05T18:39:06.488Z,695c054a9c18d13470c11c68,2026-01-05T18:39:06.678000,2026-01-05T18:39:06.678000,anonymous,anonymous,FALSE
ab659953-8333-4356-ac9b-53729fb97748,690791237f24aa1ecd5429a9,1/5/2026,6,3,38,2026-01-05T18:38:56.811Z,695c054277d3adac6e800770,2026-01-05T18:38:58.045000,2026-01-05T18:38:58.045000,anonymous,anonymous,FALSE
ab659953-8333-4356-ac9b-53729fb97748,69593db392815610917874fb,1/5/2026,3,7,21,2026-01-05T18:38:46.144Z,695c05383eee1b14c79c06c7,2026-01-05T18:38:48.186000,2026-01-05T18:38:48.186000,anonymous,anonymous,FALSE
ab659953-8333-4356-ac9b-53729fb97748,69593daf0a570c24336526d8,1/5/2026,4,7,28,2026-01-05T18:38:38.020Z,695c052f936bf8972ad9cc49,2026-01-05T18:38:39.536000,2026-01-05T18:38:39.536000,anonymous,anonymous,FALSE
ab659953-8333-4356-ac9b-53729fb97748,69079123065e0438f4af92d0,1/5/2026,5,7,35,2026-01-05T18:38:30.659Z,695c05266f51ec82b2595fc9,2026-01-05T18:38:30.838000,2026-01-05T18:38:30.838000,anonymous,anonymous,FALSE
ab659953-8333-4356-ac9b-53729fb97748,695c02e9c431c7feaeffe2ec,1/5/2026,5,7,35,2026-01-05T18:38:17.143Z,695c0519ffae52252b648d56,2026-01-05T18:38:17.325000,2026-01-05T18:38:17.325000,anonymous,anonymous,FALSE
ab659953-8333-4356-ac9b-53729fb97748,695c034d99528b121cd05c16,1/5/2026,6,6,41,2026-01-05T18:38:13.149Z,695c051574b9c30640db9ee7,2026-01-05T18:38:13.338000,2026-01-05T18:38:13.338000,anonymous,anonymous,FALSE
ab659953-8333-4356-ac9b-53729fb97748,695c03cb6ff1bc0ae7776f0b,1/5/2026,6,4,39,2026-01-05T18:37:58.415Z,695c0506d1714a01138c2939,2026-01-05T18:37:58.598000,2026-01-05T18:37:58.598000,anonymous,anonymous,FALSE
ab659953-8333-4356-ac9b-53729fb97748,695c0412a542d298697f2a4c,1/5/2026,5,5,33,2026-01-05T18:37:50.402Z,695c04fe0e9d855c5e4428f0,2026-01-05T18:37:50.590000,2026-01-05T18:37:50.590000,anonymous,anonymous,FALSE
ab659953-8333-4356-ac9b-53729fb97748,695c04a7f824e832f47d8a7b,1/5/2026,3,7,21,2026-01-05T18:37:39.546Z,695c04f3320545e9e96911f8,2026-01-05T18:37:39.725000,2026-01-05T18:37:39.725000,anonymous,anonymous,FALSE
dfbc11e3-d5d5-4bcc-b914-d89ffa62854f,69593dddb7e03945a9abeb07,1/5/2026,6,4,39,2026-01-05T18:17:44.459Z,695c0049f3a8038dd99687b2,2026-01-05T18:17:45.243000,2026-01-05T18:17:45.243000,anonymous,anonymous,FALSE
dfbc11e3-d5d5-4bcc-b914-d89ffa62854f,69593dddef4549e17f3ee3a2,1/5/2026,4,7,28,2026-01-05T18:17:39.113Z,695c0043d1eb877fa716c759,2026-01-05T18:17:39.854000,2026-01-05T18:17:39.854000,anonymous,anonymous,FALSE
dfbc11e3-d5d5-4bcc-b914-d89ffa62854f,69593ddde0762f0fda4a8b45,1/5/2026,2,7,14,2026-01-05T18:17:22.654Z,695c0033093da5b1f9f72eb7,2026-01-05T18:17:23.430000,2026-01-05T18:17:23.430000,anonymous,anonymous,FALSE
dfbc11e3-d5d5-4bcc-b914-d89ffa62854f,69593ddcadb5f834c1df5aac,1/5/2026,2,2,9,2026-01-05T18:17:11.733Z,695c00179d5e94ffb8f2755c,2026-01-05T18:16:55.906000,2026-01-05T18:17:13.772000,anonymous,anonymous,FALSE
dfbc11e3-d5d5-4bcc-b914-d89ffa62854f,69593ddc97c883f04d4a839d,1/5/2026,6,4,39,2026-01-05T18:16:49.462Z,695c0012be67025e14e1b31b,2026-01-05T18:16:50.197000,2026-01-05T18:16:50.197000,anonymous,anonymous,FALSE
dfbc11e3-d5d5-4bcc-b914-d89ffa62854f,69593ddc5731441183ecdee5,1/5/2026,2,4,11,2026-01-05T18:16:36.027Z,695c0004d99e8e65b481d30a,2026-01-05T18:16:36.787000,2026-01-05T18:16:36.787000,anonymous,anonymous,FALSE
dfbc11e3-d5d5-4bcc-b914-d89ffa62854f,69593ddbdf5f0ff1ac2e78f2,1/5/2026,5,3,31,2026-01-05T18:16:27.263Z,695bfffc410b77d941c7beec,2026-01-05T18:16:28.518000,2026-01-05T18:16:28.518000,anonymous,anonymous,FALSE
dfbc11e3-d5d5-4bcc-b914-d89ffa62854f,69079124900fedf3fc27cf51,1/5/2026,6,7,42,2026-01-05T18:16:19.100Z,695bfff38aa3e181ff154617,2026-01-05T18:16:19.997000,2026-01-05T18:16:19.997000,anonymous,anonymous,FALSE
dfbc11e3-d5d5-4bcc-b914-d89ffa62854f,69593ddac1fb00b7ab7169e6,1/5/2026,5,6,34,2026-01-05T18:16:08.989Z,695bffe9b4f7ad9aa3ef7ccd,2026-01-05T18:16:09.738000,2026-01-05T18:16:09.738000,anonymous,anonymous,FALSE
dfbc11e3-d5d5-4bcc-b914-d89ffa62854f,6907912510acab4c189c26cd,1/5/2026,5,5,33,2026-01-05T18:15:59.780Z,695bffe0d090e5e326bbfe39,2026-01-05T18:16:00.525000,2026-01-05T18:16:00.525000,anonymous,anonymous,FALSE
dfbc11e3-d5d5-4bcc-b914-d89ffa62854f,69079125de5cf20cb23dbb42,1/5/2026,7,2,44,2026-01-05T18:15:42.677Z,695bffcf90f116d774af1dcc,2026-01-05T18:15:43.415000,2026-01-05T18:15:43.415000,anonymous,anonymous,FALSE
dfbc11e3-d5d5-4bcc-b914-d89ffa62854f,690791231130232c6f24a8b1,1/5/2026,5,5,33,2026-01-05T18:15:33.361Z,695bffc6185fa134ed6e4c75,2026-01-05T18:15:34.116000,2026-01-05T18:15:34.116000,anonymous,anonymous,FALSE
dfbc11e3-d5d5-4bcc-b914-d89ffa62854f,69593dc0eac6a120dc6e88a1,1/5/2026,5,3,31,2026-01-05T18:15:24.983Z,695bffbda418a859b07d8dbe,2026-01-05T18:15:25.728000,2026-01-05T18:15:25.728000,anonymous,anonymous,FALSE
dfbc11e3-d5d5-4bcc-b914-d89ffa62854f,69079122e0cd0242cebd60cf,1/5/2026,6,3,38,2026-01-05T18:15:16.184Z,695bffae001b26c99b7fddbf,2026-01-05T18:15:10.506000,2026-01-05T18:15:18.212000,anonymous,anonymous,FALSE
dfbc11e3-d5d5-4bcc-b914-d89ffa62854f,69593db9785c2ed83c8cbea7,1/5/2026,5,3,31,2026-01-05T18:15:05.524Z,695bffaab786c24b052ec796,2026-01-05T18:15:06.303000,2026-01-05T18:15:06.303000,anonymous,anonymous,FALSE
dfbc11e3-d5d5-4bcc-b914-d89ffa62854f,690791237f24aa1ecd5429a9,1/5/2026,6,3,38,2026-01-05T18:14:57.553Z,695bffa2e5395271a850c57f,2026-01-05T18:14:58.297000,2026-01-05T18:14:58.297000,anonymous,anonymous,FALSE
dfbc11e3-d5d5-4bcc-b914-d89ffa62854f,69593db392815610917874fb,1/5/2026,3,7,21,2026-01-05T18:14:40.011Z,695bff9110dd089daeeb4fb8,2026-01-05T18:14:41.114000,2026-01-05T18:14:41.114000,anonymous,anonymous,FALSE
dfbc11e3-d5d5-4bcc-b914-d89ffa62854f,69593daf0a570c24336526d8,1/5/2026,4,6,27,2026-01-05T18:14:27.725Z,695bff8434fe2dd6530e3e11,2026-01-05T18:14:28.484000,2026-01-05T18:14:28.484000,anonymous,anonymous,FALSE
dfbc11e3-d5d5-4bcc-b914-d89ffa62854f,69079123065e0438f4af92d0,1/5/2026,5,7,35,2026-01-05T18:14:17.945Z,695bff7a4f062619690b8fa3,2026-01-05T18:14:18.697000,2026-01-05T18:14:18.697000,anonymous,anonymous,FALSE
dfbc11e3-d5d5-4bcc-b914-d89ffa62854f,695bfeb049bdce1800054d79,1/5/2026,7,3,45,2026-01-05T18:14:04.260Z,695bff6e3ba4f199a9867bdd,2026-01-05T18:14:06.602000,2026-01-05T18:14:06.602000,anonymous,anonymous,FALSE
dfbc11e3-d5d5-4bcc-b914-d89ffa62854f,695bfeded0fac90608a86445,1/5/2026,6,6,41,2026-01-05T18:13:52.116Z,695bff605406046d8b5a7b9c,2026-01-05T18:13:52.874000,2026-01-05T18:13:52.874000,anonymous,anonymous,FALSE
dfbc11e3-d5d5-4bcc-b914-d89ffa62854f,695bfef8ec9a2540846c0bee,1/5/2026,4,5,26,2026-01-05T18:13:44.072Z,695bff58c5691a4526399563,2026-01-05T18:13:44.804000,2026-01-05T18:13:44.804000,anonymous,anonymous,FALSE
dfbc11e3-d5d5-4bcc-b914-d89ffa62854f,695bff1ac48631b3adca4af6,1/5/2026,5,6,34,2026-01-05T18:13:28.159Z,695bff490918ef702ae46139,2026-01-05T18:13:29.235000,2026-01-05T18:13:29.235000,anonymous,anonymous,FALSE
35569596-4e4f-4ef8-ba25-8e0b36d7c77c,69593dddb7e03945a9abeb07,1/5/2026,6,3,38,2026-01-05T16:24:47.008Z,695be5cf43d94926ba86627e,2026-01-05T16:24:47.263000,2026-01-05T16:24:47.263000,anonymous,anonymous,FALSE
35569596-4e4f-4ef8-ba25-8e0b36d7c77c,69593dddef4549e17f3ee3a2,1/5/2026,5,6,34,2026-01-05T16:24:39.750Z,695be5c7237348cb07839f3a,2026-01-05T16:24:39.991000,2026-01-05T16:24:39.991000,anonymous,anonymous,FALSE
35569596-4e4f-4ef8-ba25-8e0b36d7c77c,69593ddde0762f0fda4a8b45,1/5/2026,3,7,21,2026-01-05T16:24:29.151Z,695be5bdd2c40c7be2c12344,2026-01-05T16:24:29.414000,2026-01-05T16:24:29.414000,anonymous,anonymous,FALSE
35569596-4e4f-4ef8-ba25-8e0b36d7c77c,69593ddcadb5f834c1df5aac,1/5/2026,3,2,16,2026-01-05T16:24:23.579Z,695be5b81b4f0dbdffbc405b,2026-01-05T16:24:24.089000,2026-01-05T16:24:24.089000,anonymous,anonymous,FALSE
35569596-4e4f-4ef8-ba25-8e0b36d7c77c,69593ddc97c883f04d4a839d,1/5/2026,3,4,18,2026-01-05T16:24:14.764Z,695be5af521f01cda2ef1d1b,2026-01-05T16:24:15.011000,2026-01-05T16:24:15.011000,anonymous,anonymous,FALSE
35569596-4e4f-4ef8-ba25-8e0b36d7c77c,69593ddc5731441183ecdee5,1/5/2026,2,2,9,2026-01-05T16:23:52.589Z,695be59861dafba102425296,2026-01-05T16:23:52.854000,2026-01-05T16:23:52.854000,anonymous,anonymous,FALSE
35569596-4e4f-4ef8-ba25-8e0b36d7c77c,69593ddbdf5f0ff1ac2e78f2,1/5/2026,6,3,38,2026-01-05T16:23:44.546Z,695be5918f8f5b97a470eec9,2026-01-05T16:23:45.017000,2026-01-05T16:23:45.017000,anonymous,anonymous,FALSE
35569596-4e4f-4ef8-ba25-8e0b36d7c77c,69079124900fedf3fc27cf51,1/5/2026,6,6,41,2026-01-05T16:23:35.060Z,695be588aabf4a0c43fba505,2026-01-05T16:23:36.111000,2026-01-05T16:23:36.111000,anonymous,anonymous,FALSE
35569596-4e4f-4ef8-ba25-8e0b36d7c77c,69593ddac1fb00b7ab7169e6,1/5/2026,5,5,33,2026-01-05T16:23:24.638Z,695be57c04a21c455e431b8f,2026-01-05T16:23:24.952000,2026-01-05T16:23:24.952000,anonymous,anonymous,FALSE
35569596-4e4f-4ef8-ba25-8e0b36d7c77c,6907912510acab4c189c26cd,1/5/2026,4,4,25,2026-01-05T16:23:14.376Z,695be57258eff553790790af,2026-01-05T16:23:14.627000,2026-01-05T16:23:14.627000,anonymous,anonymous,FALSE
35569596-4e4f-4ef8-ba25-8e0b36d7c77c,69079125de5cf20cb23dbb42,1/5/2026,6,2,37,2026-01-05T16:23:07.353Z,695be56b93e403071fb195f6,2026-01-05T16:23:07.657000,2026-01-05T16:23:07.657000,anonymous,anonymous,FALSE
35569596-4e4f-4ef8-ba25-8e0b36d7c77c,690791231130232c6f24a8b1,1/5/2026,4,4,25,2026-01-05T16:23:02.660Z,695be56602d355e5f724e2c6,2026-01-05T16:23:02.948000,2026-01-05T16:23:02.948000,anonymous,anonymous,FALSE
35569596-4e4f-4ef8-ba25-8e0b36d7c77c,69593dc0eac6a120dc6e88a1,1/5/2026,5,3,31,2026-01-05T16:22:55.104Z,695be560c5578bdafe1f19fb,2026-01-05T16:22:56.164000,2026-01-05T16:22:56.164000,anonymous,anonymous,FALSE
35569596-4e4f-4ef8-ba25-8e0b36d7c77c,69079122e0cd0242cebd60cf,1/5/2026,5,2,30,2026-01-05T16:22:47.302Z,695be55951bc18e72b3e9960,2026-01-05T16:22:49.110000,2026-01-05T16:22:49.110000,anonymous,anonymous,FALSE
35569596-4e4f-4ef8-ba25-8e0b36d7c77c,69593db9785c2ed83c8cbea7,1/5/2026,6,2,37,2026-01-05T16:22:42.235Z,695be552a4aac46f83501c46,2026-01-05T16:22:42.502000,2026-01-05T16:22:42.502000,anonymous,anonymous,FALSE
35569596-4e4f-4ef8-ba25-8e0b36d7c77c,690791237f24aa1ecd5429a9,1/5/2026,5,3,31,2026-01-05T16:22:36.748Z,695be54d606bb2bad6ca90be,2026-01-05T16:22:37.442000,2026-01-05T16:22:37.442000,anonymous,anonymous,FALSE
35569596-4e4f-4ef8-ba25-8e0b36d7c77c,69593db392815610917874fb,1/5/2026,2,7,14,2026-01-05T16:22:27.761Z,695be5447ccdce51cc021648,2026-01-05T16:22:28.012000,2026-01-05T16:22:28.012000,anonymous,anonymous,FALSE
35569596-4e4f-4ef8-ba25-8e0b36d7c77c,69593daf0a570c24336526d8,1/5/2026,4,7,28,2026-01-05T16:22:17.137Z,695be532fcf4415e20bd056a,2026-01-05T16:22:10.179000,2026-01-05T16:22:17.602000,anonymous,anonymous,FALSE
35569596-4e4f-4ef8-ba25-8e0b36d7c77c,69079123065e0438f4af92d0,1/5/2026,3,7,21,2026-01-05T16:22:02.515Z,695be52bf8b7ddad75d117a1,2026-01-05T16:22:03.055000,2026-01-05T16:22:03.055000,anonymous,anonymous,FALSE
35569596-4e4f-4ef8-ba25-8e0b36d7c77c,695be1778fa01f99647c37c0,1/5/2026,5,6,34,2026-01-05T16:21:47.349Z,695be51caa5914c75aec2956,2026-01-05T16:21:48.641000,2026-01-05T16:21:48.641000,anonymous,anonymous,FALSE
35569596-4e4f-4ef8-ba25-8e0b36d7c77c,695be2deb254a16120c3de01,1/5/2026,4,6,27,2026-01-05T16:21:38.064Z,695be5128dc22e14b1157c4c,2026-01-05T16:21:38.312000,2026-01-05T16:21:38.312000,anonymous,anonymous,FALSE
35569596-4e4f-4ef8-ba25-8e0b36d7c77c,695be328d1a9b6435b4f2a75,1/5/2026,5,4,32,2026-01-05T16:21:24.159Z,695be50530410ebd8c2d5e03,2026-01-05T16:21:25.266000,2026-01-05T16:21:25.266000,anonymous,anonymous,FALSE
35569596-4e4f-4ef8-ba25-8e0b36d7c77c,695be3447020dda6c146ce7a,1/5/2026,6,3,38,2026-01-05T16:21:11.609Z,695be4f811ed55ae6dec1f29,2026-01-05T16:21:12.745000,2026-01-05T16:21:12.745000,anonymous,anonymous,FALSE
35569596-4e4f-4ef8-ba25-8e0b36d7c77c,695be4b6f3b60da0c67d717f,1/5/2026,6,6,41,2026-01-05T16:21:00.987Z,695be4eda4aac46f83501c13,2026-01-05T16:21:01.521000,2026-01-05T16:21:01.521000,anonymous,anonymous,FALSE
c9a109b8-eb5c-4ec3-b8c4-7c0dbf4de12b,69593dddb7e03945a9abeb07,1/5/2026,5,3,31,2026-01-05T15:52:30.544Z,695bde401b140c8bb33f8eb4,2026-01-05T15:52:32.747000,2026-01-05T15:52:32.747000,anonymous,anonymous,FALSE
c9a109b8-eb5c-4ec3-b8c4-7c0dbf4de12b,69593dddef4549e17f3ee3a2,1/5/2026,3,7,21,2026-01-05T15:50:06.219Z,695bddae1851d65ef301c1f5,2026-01-05T15:50:06.481000,2026-01-05T15:50:06.481000,anonymous,anonymous,FALSE
c9a109b8-eb5c-4ec3-b8c4-7c0dbf4de12b,69593ddde0762f0fda4a8b45,1/5/2026,2,7,14,2026-01-05T15:49:46.720Z,695bdd9c485dd8c85c381b46,2026-01-05T15:49:48.383000,2026-01-05T15:49:48.383000,anonymous,anonymous,FALSE
c9a109b8-eb5c-4ec3-b8c4-7c0dbf4de12b,69593ddcadb5f834c1df5aac,1/5/2026,2,2,9,2026-01-05T15:49:31.441Z,695bdd89bb11bad0c18c1285,2026-01-05T15:49:29.334000,2026-01-05T15:49:33.641000,anonymous,anonymous,FALSE
c9a109b8-eb5c-4ec3-b8c4-7c0dbf4de12b,69593ddc97c883f04d4a839d,1/5/2026,5,5,33,2026-01-05T15:49:15.789Z,695bdd7cd3275a69389829ce,2026-01-05T15:49:16.686000,2026-01-05T15:49:16.686000,anonymous,anonymous,FALSE
c9a109b8-eb5c-4ec3-b8c4-7c0dbf4de12b,69593ddc5731441183ecdee5,1/5/2026,2,2,9,2026-01-05T15:45:33.170Z,695bdc9dca27f6414b617ead,2026-01-05T15:45:33.382000,2026-01-05T15:45:33.382000,anonymous,anonymous,FALSE
c9a109b8-eb5c-4ec3-b8c4-7c0dbf4de12b,69593ddbdf5f0ff1ac2e78f2,1/5/2026,6,2,37,2026-01-05T15:45:17.443Z,695bdc8714b5c60741f410fd,2026-01-05T15:45:11.880000,2026-01-05T15:45:17.893000,anonymous,anonymous,FALSE
c9a109b8-eb5c-4ec3-b8c4-7c0dbf4de12b,69079124900fedf3fc27cf51,1/5/2026,6,6,41,2026-01-05T15:45:04.992Z,695bdc814fcca07c9f7f06cc,2026-01-05T15:45:05.231000,2026-01-05T15:45:05.231000,anonymous,anonymous,FALSE
c9a109b8-eb5c-4ec3-b8c4-7c0dbf4de12b,69593ddac1fb00b7ab7169e6,1/5/2026,4,6,27,2026-01-05T15:44:49.652Z,695bdc717b774c96e9d9d592,2026-01-05T15:44:49.857000,2026-01-05T15:44:49.857000,anonymous,anonymous,FALSE
c9a109b8-eb5c-4ec3-b8c4-7c0dbf4de12b,6907912510acab4c189c26cd,1/5/2026,5,4,32,2026-01-05T15:44:36.045Z,695bdc648d0af3a00215a230,2026-01-05T15:44:36.263000,2026-01-05T15:44:36.263000,anonymous,anonymous,FALSE
c9a109b8-eb5c-4ec3-b8c4-7c0dbf4de12b,69079125de5cf20cb23dbb42,1/5/2026,6,2,37,2026-01-05T15:44:22.722Z,695bdc561685f3764c6b7a21,2026-01-05T15:44:22.987000,2026-01-05T15:44:22.987000,anonymous,anonymous,FALSE
c9a109b8-eb5c-4ec3-b8c4-7c0dbf4de12b,690791231130232c6f24a8b1,1/5/2026,4,4,25,2026-01-05T15:44:12.136Z,695bdc4cd33c1c36146178bd,2026-01-05T15:44:12.352000,2026-01-05T15:44:12.352000,anonymous,anonymous,FALSE
c9a109b8-eb5c-4ec3-b8c4-7c0dbf4de12b,69593dc0eac6a120dc6e88a1,1/5/2026,5,3,31,2026-01-05T15:43:57.178Z,695bdc3d387542bd356b616b,2026-01-05T15:43:57.431000,2026-01-05T15:43:57.431000,anonymous,anonymous,FALSE
c9a109b8-eb5c-4ec3-b8c4-7c0dbf4de12b,69079122e0cd0242cebd60cf,1/5/2026,5,3,31,2026-01-05T15:43:35.214Z,695bdc277b37c2aad6255dce,2026-01-05T15:43:35.453000,2026-01-05T15:43:35.453000,anonymous,anonymous,FALSE
c9a109b8-eb5c-4ec3-b8c4-7c0dbf4de12b,69593db9785c2ed83c8cbea7,1/5/2026,5,2,30,2026-01-05T15:43:26.297Z,695bdc1eef5ab7a167959131,2026-01-05T15:43:26.723000,2026-01-05T15:43:26.723000,anonymous,anonymous,FALSE
c9a109b8-eb5c-4ec3-b8c4-7c0dbf4de12b,690791237f24aa1ecd5429a9,1/5/2026,5,2,30,2026-01-05T15:43:08.375Z,695bdc0cf1c805b8f32e25f9,2026-01-05T15:43:08.614000,2026-01-05T15:43:08.614000,anonymous,anonymous,FALSE
c9a109b8-eb5c-4ec3-b8c4-7c0dbf4de12b,69593db392815610917874fb,1/5/2026,2,7,14,2026-01-05T15:42:55.510Z,695bdbffaa464e4db285fd15,2026-01-05T15:42:55.718000,2026-01-05T15:42:55.718000,anonymous,anonymous,FALSE
c9a109b8-eb5c-4ec3-b8c4-7c0dbf4de12b,69593daf0a570c24336526d8,1/5/2026,4,7,28,2026-01-05T15:42:33.118Z,695bdbe92bf7cccd9e41a56f,2026-01-05T15:42:33.379000,2026-01-05T15:42:33.379000,anonymous,anonymous,FALSE
c9a109b8-eb5c-4ec3-b8c4-7c0dbf4de12b,69079123065e0438f4af92d0,1/5/2026,6,6,41,2026-01-05T15:42:21.278Z,695bdbdd35b871e49a46af90,2026-01-05T15:42:21.532000,2026-01-05T15:42:21.532000,anonymous,anonymous,FALSE
c9a109b8-eb5c-4ec3-b8c4-7c0dbf4de12b,695bda9080026e99c603ec55,1/5/2026,6,7,42,2026-01-05T15:42:07.869Z,695bdbc20698af3c8046a9ce,2026-01-05T15:41:54.077000,2026-01-05T15:42:08.977000,anonymous,anonymous,FALSE
c9a109b8-eb5c-4ec3-b8c4-7c0dbf4de12b,695bdaa4bc7af36c6f124d25,1/5/2026,7,6,48,2026-01-05T15:41:13.214Z,695bdb9980026e99c603ecfc,2026-01-05T15:41:13.425000,2026-01-05T15:41:13.425000,anonymous,anonymous,FALSE
c9a109b8-eb5c-4ec3-b8c4-7c0dbf4de12b,695bdab29c08a22c055703fa,1/5/2026,6,4,39,2026-01-05T15:41:05.265Z,695bdb91d24e631deca31222,2026-01-05T15:41:05.476000,2026-01-05T15:41:05.476000,anonymous,anonymous,FALSE
c9a109b8-eb5c-4ec3-b8c4-7c0dbf4de12b,695bdad5646924b3fb0f579d,1/5/2026,4,6,27,2026-01-05T15:39:19.570Z,695bdb28b8543bce351612c1,2026-01-05T15:39:20.066000,2026-01-05T15:39:20.066000,anonymous,anonymous,FALSE
1bcbccfe-54d9-4e71-b8b9-210f70fb1bbc,69593dddb7e03945a9abeb07,1/5/2026,4,7,28,2026-01-05T14:40:50.389Z,695bcd70ba4653e602c34f0e,2026-01-05T14:40:48.612000,2026-01-05T14:40:48.612000,anonymous,anonymous,FALSE
1bcbccfe-54d9-4e71-b8b9-210f70fb1bbc,69593dddef4549e17f3ee3a2,1/5/2026,6,3,38,2026-01-05T14:40:18.067Z,695bcd50045de3bfa58a04c6,2026-01-05T14:40:16.356000,2026-01-05T14:40:16.356000,anonymous,anonymous,FALSE
1bcbccfe-54d9-4e71-b8b9-210f70fb1bbc,69593ddde0762f0fda4a8b45,1/5/2026,2,6,13,2026-01-05T14:39:55.130Z,695bcd39ac8fcfc364d2bd91,2026-01-05T14:39:53.364000,2026-01-05T14:39:53.364000,anonymous,anonymous,FALSE
1bcbccfe-54d9-4e71-b8b9-210f70fb1bbc,69593ddcadb5f834c1df5aac,1/5/2026,6,5,40,2026-01-05T14:39:33.556Z,695bcd230caf82f57151c17f,2026-01-05T14:39:31.809000,2026-01-05T14:39:31.809000,anonymous,anonymous,FALSE
1bcbccfe-54d9-4e71-b8b9-210f70fb1bbc,69593ddc97c883f04d4a839d,1/5/2026,3,3,17,2026-01-05T14:39:21.242Z,695bcd1751385023422e47cc,2026-01-05T14:39:19.812000,2026-01-05T14:39:19.812000,anonymous,anonymous,FALSE
1bcbccfe-54d9-4e71-b8b9-210f70fb1bbc,69593ddc5731441183ecdee5,1/5/2026,4,6,27,2026-01-05T14:38:53.693Z,695bccfbbbddae3d60426e08,2026-01-05T14:38:51.965000,2026-01-05T14:38:51.965000,anonymous,anonymous,FALSE
1bcbccfe-54d9-4e71-b8b9-210f70fb1bbc,69593ddbdf5f0ff1ac2e78f2,1/5/2026,1,1,1,2026-01-05T14:38:34.653Z,695bcce88946346965e61f8a,2026-01-05T14:38:32.883000,2026-01-05T14:38:32.883000,anonymous,anonymous,FALSE
1bcbccfe-54d9-4e71-b8b9-210f70fb1bbc,69079124900fedf3fc27cf51,1/5/2026,2,2,9,2026-01-05T14:38:13.781Z,695bccd4bfdf3743fe4945d2,2026-01-05T14:38:12.009000,2026-01-05T14:38:12.009000,anonymous,anonymous,FALSE
1bcbccfe-54d9-4e71-b8b9-210f70fb1bbc,69593ddac1fb00b7ab7169e6,1/5/2026,3,5,19,2026-01-05T14:37:48.862Z,695bccbb91d0844272724eaf,2026-01-05T14:37:47.159000,2026-01-05T14:37:47.159000,anonymous,anonymous,FALSE
1bcbccfe-54d9-4e71-b8b9-210f70fb1bbc,6907912510acab4c189c26cd,1/5/2026,2,5,12,2026-01-05T14:37:29.332Z,695bcca7a321a8c1d0c9dc70,2026-01-05T14:37:27.936000,2026-01-05T14:37:27.936000,anonymous,anonymous,FALSE
1bcbccfe-54d9-4e71-b8b9-210f70fb1bbc,69079125de5cf20cb23dbb42,1/5/2026,7,7,49,2026-01-05T14:36:41.302Z,695bcc77d370089e84656742,2026-01-05T14:36:39.911000,2026-01-05T14:36:39.911000,anonymous,anonymous,FALSE
1bcbccfe-54d9-4e71-b8b9-210f70fb1bbc,690791231130232c6f24a8b1,1/5/2026,3,4,18,2026-01-05T14:36:27.883Z,695bcc6a61919553f9a32570,2026-01-05T14:36:26.154000,2026-01-05T14:36:26.154000,anonymous,anonymous,FALSE
1bcbccfe-54d9-4e71-b8b9-210f70fb1bbc,69593dc0eac6a120dc6e88a1,1/5/2026,7,6,48,2026-01-05T14:36:04.029Z,695bcc52a0bf74fe4913c758,2026-01-05T14:36:02.448000,2026-01-05T14:36:02.448000,anonymous,anonymous,FALSE
1bcbccfe-54d9-4e71-b8b9-210f70fb1bbc,69079122e0cd0242cebd60cf,1/5/2026,7,6,48,2026-01-05T14:35:37.634Z,695bcc37fad41d0816af7dab,2026-01-05T14:35:35.924000,2026-01-05T14:35:35.924000,anonymous,anonymous,FALSE
1bcbccfe-54d9-4e71-b8b9-210f70fb1bbc,69593db9785c2ed83c8cbea7,1/5/2026,5,7,35,2026-01-05T14:35:04.091Z,695bcc16c8667febe6c8eb24,2026-01-05T14:35:02.363000,2026-01-05T14:35:02.363000,anonymous,anonymous,FALSE
1bcbccfe-54d9-4e71-b8b9-210f70fb1bbc,69593daf0a570c24336526d8,1/5/2026,4,5,26,2026-01-05T14:34:29.399Z,695bcbf3ba25f317ef8effc4,2026-01-05T14:34:27.645000,2026-01-05T14:34:27.645000,anonymous,anonymous,FALSE
1bcbccfe-54d9-4e71-b8b9-210f70fb1bbc,69079123065e0438f4af92d0,1/5/2026,3,6,20,2026-01-05T14:34:05.919Z,695bcbdcf197781f523bdc4d,2026-01-05T14:34:04.178000,2026-01-05T14:34:04.178000,anonymous,anonymous,FALSE
1bcbccfe-54d9-4e71-b8b9-210f70fb1bbc,69593db392815610917874fb,1/5/2026,4,4,25,2026-01-05T14:33:13.093Z,695bcba77161e7d53dfca7e0,2026-01-05T14:33:11.315000,2026-01-05T14:33:11.315000,anonymous,anonymous,FALSE
1bcbccfe-54d9-4e71-b8b9-210f70fb1bbc,690791237f24aa1ecd5429a9,1/5/2026,5,6,34,2026-01-05T14:32:56.146Z,695bcb96c1ad656cb403c5ee,2026-01-05T14:32:54.387000,2026-01-05T14:32:54.387000,anonymous,anonymous,FALSE
1bcbccfe-54d9-4e71-b8b9-210f70fb1bbc,695ba2641f6444a89c7ee4d7,1/5/2026,6,6,41,2026-01-05T14:31:27.023Z,695bcb3dd8bf9a24c237cc35,2026-01-05T14:31:25.262000,2026-01-05T14:31:25.262000,anonymous,anonymous,FALSE
1bcbccfe-54d9-4e71-b8b9-210f70fb1bbc,695ba2880c7a0a2e2f75ff9d,1/5/2026,7,7,49,2026-01-05T14:31:05.360Z,695bcb27cad9c0b22bd6d80b,2026-01-05T14:31:03.595000,2026-01-05T14:31:03.595000,anonymous,anonymous,FALSE
1bcbccfe-54d9-4e71-b8b9-210f70fb1bbc,695ba3130c7a0a2e2f75ffcf,1/5/2026,5,5,33,2026-01-05T14:30:35.359Z,695bcb094b2b95206c1fe6a8,2026-01-05T14:30:33.603000,2026-01-05T14:30:33.603000,anonymous,anonymous,FALSE
1bcbccfe-54d9-4e71-b8b9-210f70fb1bbc,695ba34374783d560393fa49,1/5/2026,6,7,42,2026-01-05T14:30:48.849Z,695bcaebcfecda0756201ae9,2026-01-05T14:30:03.435000,2026-01-05T14:30:47.335000,anonymous,anonymous,FALSE
1bcbccfe-54d9-4e71-b8b9-210f70fb1bbc,695ba3616bd18b710133e15b,1/5/2026,7,7,49,2026-01-05T14:29:16.742Z,695bcabbe951b69a4f6b4f3d,2026-01-05T14:29:15.249000,2026-01-05T14:29:15.249000,anonymous,anonymous,FALSE
0faae8e3-9d8d-456d-927c-72e3e608a22a,69079122e0cd0242cebd60cf,1/5/2026,6,2,37,2026-01-05T13:30:37.533Z,695bbcfcbfc170a1efdef28f,2026-01-05T13:30:36.321000,2026-01-05T13:30:37.761000,anonymous,anonymous,FALSE
0faae8e3-9d8d-456d-927c-72e3e608a22a,69079123065e0438f4af92d0,1/5/2026,6,6,41,2026-01-05T13:30:25.707Z,695bbcf22ab2986b2e2f21c9,2026-01-05T13:30:26.269000,2026-01-05T13:30:26.269000,anonymous,anonymous,FALSE
0faae8e3-9d8d-456d-927c-72e3e608a22a,695bbca56d2358b3faf16fc7,1/5/2026,6,7,42,2026-01-05T13:30:23.271Z,695bbcef0a602ce3b7faa973,2026-01-05T13:30:23.323000,2026-01-05T13:30:23.323000,anonymous,anonymous,FALSE
0faae8e3-9d8d-456d-927c-72e3e608a22a,695bbca97b62cf98f1ebacd4,1/5/2026,3,5,19,2026-01-05T13:30:21.230Z,695bbced3cb4babb9317d70d,2026-01-05T13:30:21.544000,2026-01-05T13:30:21.544000,anonymous,anonymous,FALSE
